UNIV_FISCAL_YR,FIN_SERIES_ID,AWRD_ICR_ENTRY_NBR,OBJ_ID,VER_NBR,FIN_COA_CD,ACCOUNT_NBR,SUB_ACCT_NBR,FIN_OBJECT_CD,FIN_SUB_OBJ_CD,TRN_DEBIT_CRDT_CD,AWRD_ICR_RATE_PCT,ACCT_ICR_RATE_ACTV_IND
2014,000,1,fa16677d-5146-4f0b-b980-d6aa30f48b35,1,@,@,@,5500,---,D,0,Y
2014,000,2,92cad8c4-6260-4d9f-93ea-fe800226be6a,1,#,#,-----,1803,---,C,0,Y
2014,001,1,d56f3de5-d61c-4c03-a363-20f4f5b90a90,1,@,@,@,5500,---,D,3.13,Y
2014,001,2,55b07469-6d19-4612-9bf1-a8457e4d8fa8,1,#,#,-----,1803,---,C,3.13,Y
2014,002,1,e16ab614-b6fc-47fe-afcb-27b68c02180d,1,@,@,@,5500,---,D,3.8,Y
2014,002,2,51a3b200-68dd-456f-a4e7-f33dba07eed3,1,#,#,-----,1803,---,C,2,Y
2014,002,3,a3c69c22-cbdd-4c06-b190-6b182ef9003e,1,BL,1031400,-----,1803,---,C,1.8,Y
2014,003,1,727610dc-a70b-4d24-9dd3-aa17de362504,1,@,@,@,5500,---,D,4,Y
2014,003,2,31367424-808a-4b0e-9c8d-511d0b470783,1,#,#,-----,1803,---,C,4,Y
2014,004,1,31befadf-5ee8-43be-9e62-3a9343c4d409,1,@,@,@,5500,---,D,4.92,Y
2014,004,2,58bce216-14ec-4ffe-b972-59d369f112cf,1,#,#,-----,1803,---,C,4.92,Y
2014,005,1,edaf36fb-0081-4867-8a69-3b5bad28f406,1,@,@,@,5500,---,D,5,Y
2014,005,2,21c990a8-849c-4663-93d4-4b33425576d6,1,#,#,-----,1803,---,C,5,Y
2014,006,1,764a9a8a-093c-4e79-a118-7e5fce573ef3,1,@,@,@,5500,---,D,5.28,Y
2014,006,2,74c51495-7c69-4af4-a0d2-b757b54eab4b,1,#,#,-----,1803,---,C,5.28,Y
2014,007,1,97e48f42-f1b0-4fad-89e6-9e583cb6bfe7,1,@,@,@,5500,---,D,5.54,Y
2014,007,2,a9cae525-f165-41ab-87e1-4b33bf42ece4,1,#,#,-----,1803,---,C,5.54,Y
2014,008,1,82c49e5a-cefd-48a8-ab99-fcae9b7fd986,1,@,@,@,5500,---,D,6,Y
2014,008,2,e944fbac-c257-4104-afac-f86fd07e96d2,1,#,#,-----,1803,---,C,6,Y
2014,009,1,3955e41a-9382-4df1-8f1b-0dd8c5a55155,1,@,@,@,5500,---,D,6.4,Y
2014,009,2,688d01de-6aea-443b-b7b2-a874a5f2e288,1,#,#,-----,1803,---,C,6.4,Y
2014,010,1,2ce4cadb-7ba7-4f1b-a1a5-b931c04177e1,1,@,@,@,5500,---,D,7,Y
2014,010,2,54fb07e1-2014-464b-bca1-8e7a3976d192,1,#,#,-----,1803,---,C,7,Y
2014,011,1,056d0e32-5d87-42d5-b81e-85504804379b,1,@,@,@,5500,---,D,7.45,Y
2014,011,2,d1af9bbf-2aa0-4ede-9745-413098d13dde,1,#,#,-----,1803,---,C,7.45,Y
2014,012,1,1ffce426-371e-4b0c-8bd6-a039e78eb574,1,@,@,@,5500,---,D,7.64,Y
2014,012,2,d7ad1b81-4725-44b0-bef9-f02acbc4f44d,1,#,#,-----,1803,---,C,7.64,Y
2014,013,1,31758793-ad5f-4bed-9abd-d8d9b0172c51,1,@,@,@,5500,---,D,7.8,Y
2014,013,2,d44dcf8f-f708-4c66-9c53-37d88864877a,1,#,#,-----,1803,---,C,7.8,Y
2014,014,1,d5433b43-497a-416b-8b50-36c2f66ed478,1,@,@,@,5500,---,D,8,Y
2014,014,2,b89dac89-d355-4be1-8c62-ba6da58433c2,1,#,#,-----,1803,---,C,8,Y
2014,015,1,a897b600-5e52-4f81-bc0e-969eb8d6a4c6,1,@,@,@,5500,---,D,8.64,Y
2014,015,2,be5a105a-9d06-4488-b8f7-23200979f087,1,#,#,-----,1803,---,C,8.64,Y
2014,016,1,c0182225-cbc0-4bc3-a5e4-abbbbd04d3a5,1,@,@,@,5500,---,D,9,Y
2014,016,2,c2f37dc1-6b0a-4117-a9f3-6d9ba4335c6d,1,#,#,-----,1803,---,C,9,Y
2014,017,1,082d44d5-0a3c-4af2-815c-53a0ebbc695e,1,@,@,@,5500,---,D,9.8,Y
2014,017,2,3557003a-d0ce-4d47-9550-229be1206d56,1,#,#,-----,1803,---,C,9.8,Y
2014,018,1,2ff7c245-116f-450e-86c6-4a95e35230ed,1,@,@,@,5500,---,D,10,Y
2014,018,2,1f3bb7cb-4338-4945-8fff-f578e7c377bf,1,#,#,-----,1803,---,C,10,Y
2014,019,1,4bcc4f04-e710-433e-bf5c-0f00966644ed,1,@,@,@,5500,---,D,10.95,Y
2014,019,2,d7d6eaa9-5242-41da-ae8b-9a84c1d6b04b,1,#,#,-----,1803,---,C,10.95,Y
2014,020,1,cc4e67f2-7f24-4c38-a50e-06133c1fa54e,1,@,@,@,5500,---,D,11,Y
2014,020,2,0224679b-e7f7-4b05-a7ab-129df91df103,1,#,#,-----,1803,---,C,11,Y
2014,021,1,9410c4a0-bfce-4f59-a7f5-0761aeae1d12,1,@,@,@,5500,---,D,11.11,Y
2014,021,2,48fced22-26c6-479e-a9b9-918e0b41dec7,1,#,#,-----,1803,---,C,11.11,Y
2014,022,1,5f25c114-4812-4118-b125-96db1d1d0f26,1,@,@,@,5500,---,D,11.14,Y
2014,022,2,b9886f40-ed1b-4f5b-9de8-6ddd7fa638c1,1,#,#,-----,1803,---,C,11.14,Y
2014,023,1,ffe23324-a9a1-44a5-a5e1-7d1969273787,1,@,@,@,5500,---,D,11.5,Y
2014,023,2,a77ab12f-4db5-417c-bd68-70f5c95d59b2,1,#,#,-----,1803,---,C,11.5,Y
2014,024,1,c764a637-7fbe-4885-9524-e45392d4cf3e,1,@,@,@,5500,---,D,12,Y
2014,024,2,f069a025-1e48-4206-a8bb-fa56ee4a6f37,1,#,#,-----,1803,---,C,12,Y
2014,025,1,cd76d482-61c9-46fc-b9ad-1f034a40a250,1,@,@,@,5500,---,D,12.46,Y
2014,025,2,b9e5d63d-3096-49db-b9cb-42d9fc70037a,1,#,#,-----,1803,---,C,12.46,Y
2014,026,1,218b9089-c7bc-40e4-91d0-8c59515c4265,1,@,@,@,5500,---,D,12.5,Y
2014,026,2,73233b19-7e08-45dc-a849-71fda5b91e5c,1,#,#,-----,1803,---,C,12.5,Y
2014,027,1,15c28586-0b87-407f-9853-144f5776ddce,1,@,@,@,5500,---,D,12.54,Y
2014,027,2,a68aa533-f98b-4362-957d-ba7ad134d3bc,1,#,#,-----,1803,---,C,12.54,Y
2014,028,1,6514c6c8-d7ee-436a-aa33-8fa9c9a2a69c,1,@,@,@,5500,---,D,12.78,Y
2014,028,2,4b1200f2-673b-4d4e-ab90-db6e98da90b3,1,#,#,-----,1803,---,C,12.78,Y
2014,029,1,8595173f-cf95-4575-9159-4eae8ff0125f,1,@,@,@,5500,---,D,13,Y
2014,029,2,a4d858b6-9aa7-4188-9acb-fcc2150eeb3b,1,#,#,-----,1803,---,C,13,Y
2014,030,1,267cd920-d941-402e-8b11-8574b0561dba,1,@,@,@,5500,---,D,14,Y
2014,030,2,78f80324-d223-47ca-bcc2-91b72d9fc337,1,#,#,-----,1803,---,C,14,Y
2014,031,1,c25c7125-f356-4292-b8b1-825af2640ad4,1,@,@,@,5500,---,D,15,Y
2014,031,2,81c4c33d-a319-4626-ac27-b551a19281c0,1,#,#,-----,1803,---,C,15,Y
2014,032,1,a38ef3be-ac58-42f8-8a33-070e24d5444a,1,@,@,@,5500,---,D,15.92,Y
2014,032,2,4e870379-55a8-437a-89f8-33cfa52c5b3a,1,#,#,-----,1803,---,C,15.92,Y
2014,033,1,3774857e-b8dd-4d23-b35d-bb420a7a3b45,1,@,@,@,5500,---,D,16,Y
2014,033,2,7b7439c1-6da4-4519-b05e-47f81e3c48e4,1,#,#,-----,1803,---,C,16,Y
2014,034,1,7ab9fb4d-b1f9-4321-b057-ae6fcca1cdca,1,@,@,@,5500,---,D,16.19,Y
2014,034,2,d1f51e76-66f5-460c-bde4-a9a1b4803f64,1,#,#,-----,1803,---,C,16.19,Y
2014,035,1,84a181f9-db3d-4390-ae8a-0a91df805e77,1,@,@,@,5500,---,D,17,Y
2014,035,2,1b7077b0-1c99-4305-a5e5-c6615d43a7a1,1,#,#,-----,1803,---,C,17,Y
2014,036,1,00410177-84e6-4fbb-858f-25610457337c,1,@,@,@,5500,---,D,17.33,Y
2014,036,2,148c8d4f-e3b5-4134-ac8d-2574da7a39aa,1,#,#,-----,1803,---,C,17.33,Y
2014,037,1,8dc942cb-2fce-4984-bb1e-b0142a9bbd5a,1,@,@,@,5500,---,D,17.34,Y
2014,037,2,78ed57ee-c219-4ef0-87f7-65157e772eb1,1,#,#,-----,1803,---,C,17.34,Y
2014,038,1,7b4669e5-0b60-4c94-aed5-c59345dd6f33,1,@,@,@,5500,---,D,17.44,Y
2014,038,2,52289c79-e7b1-474b-b1f2-567a519d54c0,1,#,#,-----,1803,---,C,17.44,Y
2014,039,1,557c29fc-8c3b-40b3-bb20-e735cfb26e73,1,@,@,@,5500,---,D,18,Y
2014,039,2,559160cb-5556-4628-9337-55fd64b2b790,1,#,#,-----,1803,---,C,18,Y
2014,040,1,f14ea62d-62dc-4333-9327-4766920e247f,1,@,@,@,5500,---,D,18.18,Y
2014,040,2,64dd7873-72bd-49f8-9e46-c6c3320c8aa9,1,#,#,-----,1803,---,C,18.18,Y
2014,041,1,3c125fc7-e89e-42d1-9d6d-b2be6eb0b30b,1,@,@,@,5500,---,D,20,Y
2014,041,2,687fa5e8-dbd3-43fa-a81e-076ae87cbf8d,1,#,#,-----,1803,---,C,20,Y
2014,042,1,687ebcae-35bf-4102-a5b5-b6bb27291ba1,1,@,@,@,5500,---,D,20.12,Y
2014,042,2,80bda022-01de-4fb7-b668-79b6b4f50074,1,#,#,-----,1803,---,C,20.12,Y
2014,043,1,b69e3c3f-e453-459b-a363-962a5f8bd9ef,1,@,@,@,5500,---,D,20.6,Y
2014,043,2,2d21b082-c4d2-441f-969f-2e38a538a391,1,#,#,-----,1803,---,C,20.6,Y
2014,044,1,a2b6b9bb-d083-46a4-937b-318864ba4004,1,@,@,@,5500,---,D,20.66,Y
2014,044,2,b2aeb687-5c13-4dfc-bc9b-05367f36e2f6,1,#,#,-----,1803,---,C,20.66,Y
2014,045,1,e70a97ea-fd33-4942-b9c7-a503b90ea1a0,1,@,@,@,5500,---,D,20.73,Y
2014,045,2,151379e7-699d-458a-9dc2-b3f90c387d3a,1,#,#,-----,1803,---,C,20.73,Y
2014,046,1,8f114ef3-5936-4ec8-bf37-4d491a1fc11e,1,@,@,@,5500,---,D,21.33,Y
2014,046,2,5ebada4f-ec6c-4776-b5cd-fa39178d096f,1,#,#,-----,1803,---,C,21.33,Y
2014,047,1,8a002802-ad9e-47fc-90f8-bd436e0e5c17,1,@,@,@,5500,---,D,21.8,Y
2014,047,2,d27229fe-6f06-4af3-8591-f2948f6947a6,1,#,#,-----,1803,---,C,21.8,Y
2014,048,1,a386d397-b7ca-497b-b252-a430f3083d3c,1,@,@,@,5500,---,D,22,Y
2014,048,2,79c67eae-2562-4a4c-86e8-196d398da7dd,1,#,#,-----,1803,---,C,22,Y
2014,049,1,c5b01a3c-b406-41ad-b4c2-5bba808a5d99,1,@,@,@,5500,---,D,22.26,Y
2014,049,2,a1a150cc-73d0-4447-8144-fb6b1181bf27,1,#,#,-----,1803,---,C,22.26,Y
2014,050,1,53f63513-9961-4b6e-b9bc-f6f613c020a3,1,@,@,@,5500,---,D,23,Y
2014,050,2,7852a85e-dc91-4a00-aef8-95ffe1e28ca6,1,#,#,-----,1803,---,C,23,Y
2014,051,1,cc5524ea-d081-4d6f-90dc-3bfc2fa2fc7a,1,@,@,@,5500,---,D,23.5,Y
2014,051,2,e478d837-0af5-4942-9623-1258abf31488,1,#,#,-----,1803,---,C,23.5,Y
2014,052,1,3b868314-b7ed-4142-97d2-eaf207d032b0,1,@,@,@,5500,---,D,23.73,Y
2014,052,2,54de6495-b93a-4fe7-bf07-c4d450d463e7,1,#,#,-----,1803,---,C,23.73,Y
2014,053,1,10327885-ae3f-4cc0-9c3f-03053c77f8dc,1,@,@,@,5500,---,D,24.2,Y
2014,053,2,eacef09e-0a0a-44be-8663-50f4b7b8fe9c,1,#,#,-----,1803,---,C,24.2,Y
2014,054,1,8a5d8361-631c-466c-a230-11225c1ef273,1,@,@,@,5500,---,D,25,Y
2014,054,2,704e0402-1802-452b-81d6-b493089b8912,1,#,#,-----,1803,---,C,25,Y
2014,055,1,391df004-9b20-4c38-bb21-6137f0b46758,1,@,@,@,5500,---,D,25.3,Y
2014,055,2,0b9c8729-45b5-4dcc-8cf9-68c241d451cd,1,#,#,-----,1803,---,C,25.3,Y
2014,056,1,c3b39909-9909-4fc4-bb4b-05cc8def36f5,1,@,@,@,5500,---,D,26,Y
2015,000,1,03e3356a-e651-4a27-b064-1455d419394c,1,@,@,@,5500,---,D,0,Y
2015,000,2,cfa79e3c-41d4-4c20-8820-f09fa2348647,1,#,#,-----,1803,---,C,0,Y
2015,001,1,e82f058c-b454-4c87-8dd8-c6f81c5ba7e8,1,@,@,@,5500,---,D,3.13,Y
2015,001,2,2d890b02-4cf2-4b35-85eb-3dfd3214abe2,1,#,#,-----,1803,---,C,3.13,Y
2015,002,1,9478fb60-6653-4725-9eae-19f3dcc40b58,1,@,@,@,5500,---,D,3.8,Y
2015,002,2,2ff50148-e65c-4557-a0c7-293b76825176,1,#,#,-----,1803,---,C,2,Y
2015,002,3,ac1b9f4e-ae24-4a35-98da-35ab1e611583,1,BL,1031400,-----,1803,---,C,1.8,Y
2015,003,1,fc550b0b-35b1-4050-9149-4cb2f5ec7871,1,@,@,@,5500,---,D,4,Y
2015,003,2,2582e55e-d81d-4fec-8d0c-0eec3506115e,1,#,#,-----,1803,---,C,4,Y
2015,004,1,a8dd1180-24d8-4912-8d4e-2aa4c1d8a9c7,1,@,@,@,5500,---,D,4.92,Y
2015,004,2,882b7685-82b5-4089-ab0e-77049addbbd5,1,#,#,-----,1803,---,C,4.92,Y
2015,005,1,211f09ca-a8a0-4ab4-8df5-ffb840f5d354,1,@,@,@,5500,---,D,5,Y
2015,005,2,7457f33e-86d9-44c8-94d8-b8a0d10e91d3,1,#,#,-----,1803,---,C,5,Y
2015,006,1,ff4bc9f0-fa49-4673-b9ef-00c9eebb1f56,1,@,@,@,5500,---,D,5.28,Y
2015,006,2,4f8c9189-4f54-4d33-8616-2fd01b268bf0,1,#,#,-----,1803,---,C,5.28,Y
2015,007,1,39371e21-9905-4bfe-83ef-0804c9ceee64,1,@,@,@,5500,---,D,5.54,Y
2015,007,2,0c2bd915-95e4-4831-a4e8-4828c7843bd1,1,#,#,-----,1803,---,C,5.54,Y
2015,008,1,acb280b1-16a1-4b7f-bb96-859287aa07d1,1,@,@,@,5500,---,D,6,Y
2015,008,2,f9d3e2fa-f2ef-4207-a7fd-8899e15c756a,1,#,#,-----,1803,---,C,6,Y
2015,009,1,ad8bb33e-2cf3-4d3c-8681-143ab60e1541,1,@,@,@,5500,---,D,6.4,Y
2015,009,2,3b6769cc-49ce-4833-830a-0f60f4457d68,1,#,#,-----,1803,---,C,6.4,Y
2015,010,1,2c7bb5bc-7c0b-4dd8-94bf-9907ce8f344e,1,@,@,@,5500,---,D,7,Y
2015,010,2,e722e2ed-9298-4d7e-9325-07218b771a30,1,#,#,-----,1803,---,C,7,Y
2015,011,1,e06d15b3-e2b2-4fb7-bed8-efe80b18132f,1,@,@,@,5500,---,D,7.45,Y
2015,011,2,da5048d8-e5d3-4267-adf1-2a07d6ebc23b,1,#,#,-----,1803,---,C,7.45,Y
2015,012,1,5003483a-2692-49b3-81db-c329de645374,1,@,@,@,5500,---,D,7.64,Y
2015,012,2,e0d0e471-0b98-4fb4-9753-b946ebce2ea8,1,#,#,-----,1803,---,C,7.64,Y
2015,013,1,4caa3263-fed1-482e-b547-7a70a5d161fd,1,@,@,@,5500,---,D,7.8,Y
2015,013,2,9fd112e5-9150-4c1f-8296-0105361fef25,1,#,#,-----,1803,---,C,7.8,Y
2015,014,1,3b525fe0-c5b6-443e-894e-fbff9af67149,1,@,@,@,5500,---,D,8,Y
2015,014,2,1f05fe74-33fb-4bec-b936-8b760325d2ba,1,#,#,-----,1803,---,C,8,Y
2015,015,1,cdb2d988-2141-41c0-a245-a93a67f1c9ec,1,@,@,@,5500,---,D,8.64,Y
2015,015,2,25279189-b0a2-465c-9e4a-67c8b2ade787,1,#,#,-----,1803,---,C,8.64,Y
2015,016,1,877a65d2-adb7-47a2-9ec3-d1dd60f23324,1,@,@,@,5500,---,D,9,Y
2015,016,2,67a1d3ee-f8c2-492d-9f93-1ce518115f56,1,#,#,-----,1803,---,C,9,Y
2015,017,1,1090f2a0-0456-4f0f-9f37-5e9411a69cc0,1,@,@,@,5500,---,D,9.8,Y
2015,017,2,725bbb83-ccce-419b-b5ea-1153fe5867dd,1,#,#,-----,1803,---,C,9.8,Y
2015,018,1,96593bd7-49f8-43e7-92cd-1371d14badef,1,@,@,@,5500,---,D,10,Y
2015,018,2,26ec31f3-3df8-4104-9d65-b4143a2d8b9c,1,#,#,-----,1803,---,C,10,Y
2015,019,1,8101e116-60ea-4523-9d5a-625bc97611ae,1,@,@,@,5500,---,D,10.95,Y
2015,019,2,43fe6156-c5e4-4735-8f04-47ce30090af3,1,#,#,-----,1803,---,C,10.95,Y
2015,020,1,113f28b3-bb52-4d0b-bc85-d832fd3e55b4,1,@,@,@,5500,---,D,11,Y
2015,020,2,403626e7-0173-4bd6-8fa9-f57d5e28d20a,1,#,#,-----,1803,---,C,11,Y
2015,021,1,ea05b259-0d6f-4a6a-b1e1-3e25576e3861,1,@,@,@,5500,---,D,11.11,Y
2015,021,2,79b82a75-e60c-4499-92d1-0860ecc162ea,1,#,#,-----,1803,---,C,11.11,Y
2015,022,1,85180b7c-4c40-47bb-8370-f7d14665bf9e,1,@,@,@,5500,---,D,11.14,Y
2015,022,2,e15a2687-e161-4907-b2a2-b7fb139ceb2a,1,#,#,-----,1803,---,C,11.14,Y
2015,023,1,d78e28ec-f1a1-4acb-ba67-657dc2c51aa1,1,@,@,@,5500,---,D,11.5,Y
2015,023,2,50fa6eee-04f3-487f-8c48-b73b7bb09900,1,#,#,-----,1803,---,C,11.5,Y
2015,024,1,2e4ab646-ba9f-424d-8837-236da78f2d6e,1,@,@,@,5500,---,D,12,Y
2015,024,2,73be0139-820f-48a1-a873-5154f3d2b549,1,#,#,-----,1803,---,C,12,Y
2015,025,1,53577a94-e7ec-40ae-86e6-e8bc966e84dd,1,@,@,@,5500,---,D,12.46,Y
2015,025,2,247bb14f-4c71-426b-afe1-3a9ae68ccf2d,1,#,#,-----,1803,---,C,12.46,Y
2015,026,1,445e408f-6abf-4198-a5e4-5e338cdf34a1,1,@,@,@,5500,---,D,12.5,Y
2015,026,2,209ab0ef-b3a8-4746-84aa-a5283fa901e5,1,#,#,-----,1803,---,C,12.5,Y
2015,027,1,cceebbdf-0816-4742-99c6-d09100c4c112,1,@,@,@,5500,---,D,12.54,Y
2015,027,2,dac62033-88ec-49a8-b4e7-c56761c9988f,1,#,#,-----,1803,---,C,12.54,Y
2015,028,1,4adb1f98-f957-407a-b5f2-5ee473aadc01,1,@,@,@,5500,---,D,12.78,Y
2015,028,2,73522248-9946-45c2-87f1-275364c1e6b3,1,#,#,-----,1803,---,C,12.78,Y
2015,029,1,dc060cec-2590-48cf-b9bf-94fc8032e290,1,@,@,@,5500,---,D,13,Y
2015,029,2,44a25b62-b54c-457f-b9ab-85d0506ff7c8,1,#,#,-----,1803,---,C,13,Y
2015,030,1,16030842-5847-4ef8-897e-20eccdc4d31a,1,@,@,@,5500,---,D,14,Y
2015,030,2,a70d17a7-56d0-4e03-b38d-123886c6a255,1,#,#,-----,1803,---,C,14,Y
2015,031,1,f262e5ab-fe4e-4b9d-ac2c-7cd8988ffb06,1,@,@,@,5500,---,D,15,Y
2015,031,2,66a2aafd-43f7-4009-b45e-69351b26feba,1,#,#,-----,1803,---,C,15,Y
2015,032,1,e98d6f5e-c27d-415c-872b-f688719c8a09,1,@,@,@,5500,---,D,15.92,Y
2015,032,2,ca2c2f30-d507-49ad-824a-253aa493d52d,1,#,#,-----,1803,---,C,15.92,Y
2015,033,1,4d3d5fad-9013-42b8-9045-e63efaaec110,1,@,@,@,5500,---,D,16,Y
2015,033,2,d4b48d62-262d-4b07-af81-bca16d8061fe,1,#,#,-----,1803,---,C,16,Y
2015,034,1,3366001e-9f8e-4afa-b173-953c5a464b07,1,@,@,@,5500,---,D,16.19,Y
2015,034,2,4c7770b9-1455-40a3-b28d-d6e1da0a3663,1,#,#,-----,1803,---,C,16.19,Y
2015,035,1,6a85a23e-fbb8-4dfd-a3f9-5c1805fd4135,1,@,@,@,5500,---,D,17,Y
2015,035,2,fa67831b-6d6c-4880-ad0a-f6d82f3e85da,1,#,#,-----,1803,---,C,17,Y
2015,036,1,67b03fe1-75c0-445f-b879-0f0f0b918d5b,1,@,@,@,5500,---,D,17.33,Y
2015,036,2,b0c53cc6-ffb4-46c8-aa6c-e8a33615f1ac,1,#,#,-----,1803,---,C,17.33,Y
2015,037,1,f1a18fa7-14ba-4cce-be33-2e1f654c77f9,1,@,@,@,5500,---,D,17.34,Y
2015,037,2,b55dcddf-13d5-4dc7-a7fe-23cc67acb102,1,#,#,-----,1803,---,C,17.34,Y
2015,038,1,a065c848-4910-410a-909a-77e0f05719c7,1,@,@,@,5500,---,D,17.44,Y
2015,038,2,044e16c5-c0e6-432f-8bc1-cac32916b232,1,#,#,-----,1803,---,C,17.44,Y
2015,039,1,77512e3d-8f6e-4b7c-9a81-ea7fd3bd64ff,1,@,@,@,5500,---,D,18,Y
2015,039,2,2495f8cc-1f73-4abe-8eac-04cac33d26c2,1,#,#,-----,1803,---,C,18,Y
2015,040,1,47515872-bcca-496c-ba5e-22e778085b92,1,@,@,@,5500,---,D,18.18,Y
2015,040,2,bef1ecbb-bd8e-410c-a634-c09357950882,1,#,#,-----,1803,---,C,18.18,Y
2015,041,1,219d4ea1-8b62-447f-872c-7a22c4f8c46e,1,@,@,@,5500,---,D,20,Y
2015,041,2,b1c79b50-6f60-42d0-a64a-99a1f1deeced,1,#,#,-----,1803,---,C,20,Y
2015,042,1,3b12d714-2c86-4660-9391-251a3a028f88,1,@,@,@,5500,---,D,20.12,Y
2015,042,2,6d3614d4-e2ca-4ba3-ae15-29a06a241076,1,#,#,-----,1803,---,C,20.12,Y
2015,043,1,18f00748-f1d8-4563-b7a9-d5ffa92ba28c,1,@,@,@,5500,---,D,20.6,Y
2015,043,2,b5d8cfb0-68ba-492f-867c-552dd3a64e81,1,#,#,-----,1803,---,C,20.6,Y
2015,044,1,d8c4334a-6b1e-4424-92a1-36a308d83903,1,@,@,@,5500,---,D,20.66,Y
2015,044,2,6e3d932e-38a5-4ecd-8e0c-fb18a72c02ca,1,#,#,-----,1803,---,C,20.66,Y
2015,045,1,2afe2b90-8c7d-43ef-ad25-10abd39c724f,1,@,@,@,5500,---,D,20.73,Y
2015,045,2,cdc4a4ad-a85b-4c20-8989-9b33a172263b,1,#,#,-----,1803,---,C,20.73,Y
2015,046,1,69061696-9147-4d25-a640-ab2da5927942,1,@,@,@,5500,---,D,21.33,Y
2015,046,2,8757a561-61b7-4f91-87ea-498c35db41df,1,#,#,-----,1803,---,C,21.33,Y
2015,047,1,317053f3-b6e2-4400-9e57-531bf03dc64c,1,@,@,@,5500,---,D,21.8,Y
2015,047,2,a27b28ba-52f9-4051-a408-ff6a75f0e674,1,#,#,-----,1803,---,C,21.8,Y
2015,048,1,3deab75c-ddb0-42ad-8b13-3ab0208f2cda,1,@,@,@,5500,---,D,22,Y
2015,048,2,3142ca80-b1a0-4607-91bf-b91ca9bf5fa8,1,#,#,-----,1803,---,C,22,Y
2015,049,1,f0a3f031-d3ef-4a30-8287-e26ffb92b525,1,@,@,@,5500,---,D,22.26,Y
2015,049,2,1ab870c3-8460-4770-8ffd-f5b4db405eb8,1,#,#,-----,1803,---,C,22.26,Y
2015,050,1,daf73b9b-10f0-4480-be79-46c9de77cd3a,1,@,@,@,5500,---,D,23,Y
2015,050,2,f155390a-9005-4556-b16c-a3129569f2e6,1,#,#,-----,1803,---,C,23,Y
2015,051,1,115c12e8-2b54-4878-a3ad-8eb831f8c31b,1,@,@,@,5500,---,D,23.5,Y
2015,051,2,977e9e13-1105-4d34-9832-5fcc234074ca,1,#,#,-----,1803,---,C,23.5,Y
2015,052,1,63067512-4270-4140-a781-ec648acedd02,1,@,@,@,5500,---,D,23.73,Y
2015,052,2,ffe09460-d277-4f23-814c-c8c73da500c6,1,#,#,-----,1803,---,C,23.73,Y
2015,053,1,a5a2dcb8-b69b-4778-8bc4-b05fd9e63724,1,@,@,@,5500,---,D,24.2,Y
2015,053,2,984e8296-5aab-4845-9d90-a265416059da,1,#,#,-----,1803,---,C,24.2,Y
2015,054,1,e8bd0cf7-afb8-4999-9a22-7ceb92d72cd4,1,@,@,@,5500,---,D,25,Y
2015,054,2,b93fd8b7-ceb7-46b0-b0d1-0388ec2ca740,1,#,#,-----,1803,---,C,25,Y
2015,055,1,98410883-d0fc-4015-8f6d-691e0165c768,1,@,@,@,5500,---,D,25.3,Y
2015,055,2,c8e6cc2f-e48d-4cae-8c5e-718dfacdc30d,1,#,#,-----,1803,---,C,25.3,Y
2015,056,1,f5990968-a626-4163-8331-e2a37c4a0631,1,@,@,@,5500,---,D,26,Y
"2016","000","1","ccec383b-8d20-4b7d-a9ff-45e3bcfc1b84","1","@","@","@","5500","---","D","0","Y"
"2016","000","2","e0345831-62b8-452c-a3be-79d6a991115c","1","#","#","-----","1803","---","C","0","Y"
"2016","001","1","de5dc3fd-31af-400f-bb09-b04678449574","1","@","@","@","5500","---","D","3.13","Y"
"2016","001","2","2256594f-59fc-4976-bbbe-be3fd1ec7ed0","1","#","#","-----","1803","---","C","3.13","Y"
"2016","002","1","3a9960b2-3ec2-43f9-bf5e-047b8faf8ad4","1","@","@","@","5500","---","D","3.8","Y"
"2016","002","2","06d246da-a3e2-465c-b20e-1738e142e510","1","#","#","-----","1803","---","C","2","Y"
"2016","002","3","d858d9bf-82f3-4c17-b67c-47cf70175d43","1","BL","1031400","-----","1803","---","C","1.8","Y"
"2016","003","1","14ad4a42-c801-416a-ab0a-1c9a367d2bcf","1","@","@","@","5500","---","D","4","Y"
"2016","003","2","603dbc1a-b26f-4b89-bedb-049c34f9a627","1","#","#","-----","1803","---","C","4","Y"
"2016","004","1","82774f4b-2f60-4c6f-bbe3-8c0632e9d222","1","@","@","@","5500","---","D","4.92","Y"
"2016","004","2","33f70e21-e962-4748-88a8-aba25dbb7f68","1","#","#","-----","1803","---","C","4.92","Y"
"2016","005","1","33713d68-47e6-4979-87a7-8bb695e33ded","1","@","@","@","5500","---","D","5","Y"
"2016","005","2","46fbfadf-a75a-4f04-ab98-5e1ece7bbe15","1","#","#","-----","1803","---","C","5","Y"
"2016","006","1","9d45ea26-25e4-453e-ae97-24eef46fe6a9","1","@","@","@","5500","---","D","5.28","Y"
"2016","006","2","c3e924b0-5f59-47ec-afcf-f3c32e431142","1","#","#","-----","1803","---","C","5.28","Y"
"2016","007","1","1f7aeb8e-73dd-48be-8620-a44295e8e6a6","1","@","@","@","5500","---","D","5.54","Y"
"2016","007","2","58744387-e5d7-4632-b7e3-c846bcf105cc","1","#","#","-----","1803","---","C","5.54","Y"
"2016","008","1","5b361537-759c-4eea-a7bf-a903da54b269","1","@","@","@","5500","---","D","6","Y"
"2016","008","2","18e76038-a0f5-487f-bab7-3471a2f63ff1","1","#","#","-----","1803","---","C","6","Y"
"2016","009","1","4e3267c5-d2d6-49e5-b541-56984c430647","1","@","@","@","5500","---","D","6.4","Y"
"2016","009","2","ac54964b-8635-4315-9cc4-6364bd46a70f","1","#","#","-----","1803","---","C","6.4","Y"
"2016","010","1","67b48a78-7aad-41d3-a578-14125ac7c51d","1","@","@","@","5500","---","D","7","Y"
"2016","010","2","6651c153-5fbc-4671-aece-4acb3a7aa713","1","#","#","-----","1803","---","C","7","Y"
"2016","011","1","efad99f3-2cdb-42c5-9f4f-9a376a8f6c26","1","@","@","@","5500","---","D","7.45","Y"
"2016","011","2","b4999448-e629-40f2-aca5-343cbbdcceb7","1","#","#","-----","1803","---","C","7.45","Y"
"2016","012","1","d2398194-6f59-4cde-b0c4-cedef32e7679","1","@","@","@","5500","---","D","7.64","Y"
"2016","012","2","2dbb38b0-cebc-4701-a769-b5ce78efdd0e","1","#","#","-----","1803","---","C","7.64","Y"
"2016","013","1","b5621f11-9e4d-4ea5-add7-3008e503492e","1","@","@","@","5500","---","D","7.8","Y"
"2016","013","2","4de5fd43-35ea-47ce-a6e1-8acface9d8ba","1","#","#","-----","1803","---","C","7.8","Y"
"2016","014","1","a3e0997a-7af9-4bc2-b556-9d05bcfe3f08","1","@","@","@","5500","---","D","8","Y"
"2016","014","2","577f310f-1e2a-4b22-aefd-aa18583b61ff","1","#","#","-----","1803","---","C","8","Y"
"2016","015","1","505a38a5-8947-425b-87d8-93c18eb7e85c","1","@","@","@","5500","---","D","8.64","Y"
"2016","015","2","cb2da9b8-ebab-47f5-a80c-5faf67f0dacc","1","#","#","-----","1803","---","C","8.64","Y"
"2016","016","1","0e4a23da-daef-4c22-a58e-de381482094b","1","@","@","@","5500","---","D","9","Y"
"2016","016","2","0f710b6c-0120-4f98-a87f-830030f8d34f","1","#","#","-----","1803","---","C","9","Y"
"2016","017","1","dff61ac0-c7de-43d6-99cd-a7c66d662e40","1","@","@","@","5500","---","D","9.8","Y"
"2016","017","2","708c4cd7-66bf-4190-912a-07b8e21386d8","1","#","#","-----","1803","---","C","9.8","Y"
"2016","018","1","b9c1ffef-8905-43b5-94e2-502383533310","1","@","@","@","5500","---","D","10","Y"
"2016","018","2","8f296f69-6aba-4f5a-9878-b5b33553d377","1","#","#","-----","1803","---","C","10","Y"
"2016","019","1","c8188752-6e1d-43d8-9a55-40d536158aaf","1","@","@","@","5500","---","D","10.95","Y"
"2016","019","2","e4a21593-2337-4942-abe9-fb4212aa0732","1","#","#","-----","1803","---","C","10.95","Y"
"2016","020","1","f6afabb0-9515-4aaf-89e9-1f33b51e4832","1","@","@","@","5500","---","D","11","Y"
"2016","020","2","6774897d-6e43-4be8-93eb-f4b212a7c099","1","#","#","-----","1803","---","C","11","Y"
"2016","021","1","91ec65f2-4d00-40a6-95cf-50ec5bddfa5c","1","@","@","@","5500","---","D","11.11","Y"
"2016","021","2","6a17bbd1-6974-4659-84e0-9da6d5f725cc","1","#","#","-----","1803","---","C","11.11","Y"
"2016","022","1","cdfd8084-f509-4f86-b6c1-f3e1fc72011a","1","@","@","@","5500","---","D","11.14","Y"
"2016","022","2","0c33dc5f-26ed-4fb8-8e9e-0c1269509aee","1","#","#","-----","1803","---","C","11.14","Y"
"2016","023","1","a5314417-c372-46f1-832f-c856c0afb622","1","@","@","@","5500","---","D","11.5","Y"
"2016","023","2","eea5f7fe-b2e7-4cae-b290-0800582b3a68","1","#","#","-----","1803","---","C","11.5","Y"
"2016","024","1","ce0d628b-dffe-49a9-80fd-44e09b28a814","1","@","@","@","5500","---","D","12","Y"
"2016","024","2","d3f22080-7c62-478c-b5b1-b1197cd18379","1","#","#","-----","1803","---","C","12","Y"
"2016","025","1","557fe3ac-19b5-470e-986a-defe36fdf328","1","@","@","@","5500","---","D","12.46","Y"
"2016","025","2","b902e74b-a8c0-4583-aecc-b9fb4622c1c4","1","#","#","-----","1803","---","C","12.46","Y"
"2016","026","1","9d918b9d-5513-40a7-8181-1cedb107f70e","1","@","@","@","5500","---","D","12.5","Y"
"2016","026","2","07bdf426-ac9f-4a9b-892a-dfd5db9408f7","1","#","#","-----","1803","---","C","12.5","Y"
"2016","027","1","bbd3845e-2eef-44ad-b7e1-be0292827409","1","@","@","@","5500","---","D","12.54","Y"
"2016","027","2","d439231b-c5b5-4e40-8ff8-8fb900a4e2f6","1","#","#","-----","1803","---","C","12.54","Y"
"2016","028","1","4d3966f3-62d5-48be-b0e5-b75b0094ace8","1","@","@","@","5500","---","D","12.78","Y"
"2016","028","2","c862accb-512e-4170-a0ae-c234fb903a07","1","#","#","-----","1803","---","C","12.78","Y"
"2016","029","1","1bac3df7-b963-4e16-8031-878de5c35476","1","@","@","@","5500","---","D","13","Y"
"2016","029","2","e4a69c90-5080-4170-91d7-057ce4679ca1","1","#","#","-----","1803","---","C","13","Y"
"2016","030","1","cc8fecda-00bd-4f14-9ea3-74909bb71896","1","@","@","@","5500","---","D","14","Y"
"2016","030","2","c0f6c5a9-db24-46c5-beee-5b5399bd9354","1","#","#","-----","1803","---","C","14","Y"
"2016","031","1","2db13dda-7d05-433e-9c76-e0df3da45d4f","1","@","@","@","5500","---","D","15","Y"
"2016","031","2","bf7032f5-5ef6-48a9-a909-1ef974453ec7","1","#","#","-----","1803","---","C","15","Y"
"2016","032","1","54f749d2-d6fb-4fe3-9825-0c4644dbe612","1","@","@","@","5500","---","D","15.92","Y"
"2016","032","2","d695dfa3-00f6-4321-9044-9af5aa245911","1","#","#","-----","1803","---","C","15.92","Y"
"2016","033","1","61e211ec-5d53-4b67-8902-b43ca367299f","1","@","@","@","5500","---","D","16","Y"
"2016","033","2","8c9942e5-db1b-43df-94ca-f73a66257e6f","1","#","#","-----","1803","---","C","16","Y"
"2016","034","1","91a22300-7224-496f-bb48-369eade33358","1","@","@","@","5500","---","D","16.19","Y"
"2016","034","2","fd17b187-bd53-4565-978f-69bf5532baf2","1","#","#","-----","1803","---","C","16.19","Y"
"2016","035","1","a53c9715-d3a0-4cc8-bf8f-5bfc5b715745","1","@","@","@","5500","---","D","17","Y"
"2016","035","2","f19edc1a-fdab-4f97-9b29-da95a5fef808","1","#","#","-----","1803","---","C","17","Y"
"2016","036","1","bc80fbc4-d731-4c16-9d5e-9c19df95e06b","1","@","@","@","5500","---","D","17.33","Y"
"2016","036","2","349dd5a9-44c5-48c5-b686-43d3f966f0c9","1","#","#","-----","1803","---","C","17.33","Y"
"2016","037","1","5fa4115e-8a66-4ecc-8e9c-6a3d7fc53f01","1","@","@","@","5500","---","D","17.34","Y"
"2016","037","2","7a5a76e5-466b-43b7-8732-ac6dd6610547","1","#","#","-----","1803","---","C","17.34","Y"
"2016","038","1","3682d5e7-fa41-4bcf-909c-406ad03ad708","1","@","@","@","5500","---","D","17.44","Y"
"2016","038","2","73a977ce-e3b3-4b3d-bcc0-9dd266a11e63","1","#","#","-----","1803","---","C","17.44","Y"
"2016","039","1","048db40a-f320-43cf-9a95-c50bb6fedaf2","1","@","@","@","5500","---","D","18","Y"
"2016","039","2","fa538781-b618-4b14-b192-4acc3ce4a3e4","1","#","#","-----","1803","---","C","18","Y"
"2016","040","1","e7fef15b-9e8f-4a27-95d4-5a42d55ed43d","1","@","@","@","5500","---","D","18.18","Y"
"2016","040","2","0090cbb1-fc28-41c5-ac79-5b23d6f34082","1","#","#","-----","1803","---","C","18.18","Y"
"2016","041","1","ae682b43-afcd-404a-93c2-e0d02511521b","1","@","@","@","5500","---","D","20","Y"
"2016","041","2","3b32d925-9cbd-43a3-8eb5-d1a75c551d16","1","#","#","-----","1803","---","C","20","Y"
"2016","042","1","537295ab-ddbe-431b-8e98-57be18de7252","1","@","@","@","5500","---","D","20.12","Y"
"2016","042","2","a1f0b135-207f-4a39-90be-7b32d5ee5a46","1","#","#","-----","1803","---","C","20.12","Y"
"2016","043","1","355bc1c9-1ebe-4756-bd78-f4dc21a3ff84","1","@","@","@","5500","---","D","20.6","Y"
"2016","043","2","46b510ab-3cd1-4d74-9b05-c9bdc9b0b2c4","1","#","#","-----","1803","---","C","20.6","Y"
"2016","044","1","d4ce9dcc-1222-451e-ad21-0ab0968ea194","1","@","@","@","5500","---","D","20.66","Y"
"2016","044","2","9dc27f81-c9f4-43a3-ad20-ef9e24448431","1","#","#","-----","1803","---","C","20.66","Y"
"2016","045","1","5a71c35d-21e1-4958-b708-b22ee51c8e37","1","@","@","@","5500","---","D","20.73","Y"
"2016","045","2","9c816498-43eb-40d6-8892-e20197a5204f","1","#","#","-----","1803","---","C","20.73","Y"
"2016","046","1","028c6a3d-b191-4c09-94e3-167267afcd5a","1","@","@","@","5500","---","D","21.33","Y"
"2016","046","2","24c6c4af-321c-462d-babe-530d6ee274fd","1","#","#","-----","1803","---","C","21.33","Y"
"2016","047","1","f3e6a11a-322f-4601-a707-d3d3ad9bb2de","1","@","@","@","5500","---","D","21.8","Y"
"2016","047","2","1cd75431-727b-4371-961e-e844b4aaea71","1","#","#","-----","1803","---","C","21.8","Y"
"2016","048","1","2a61ed93-2ca6-4eff-adfb-c286f5578b4a","1","@","@","@","5500","---","D","22","Y"
"2016","048","2","4de202c9-ec90-469b-b376-c7ec00ac813f","1","#","#","-----","1803","---","C","22","Y"
"2016","049","1","c748d418-6e58-4cd9-8fbd-87d33123c35c","1","@","@","@","5500","---","D","22.26","Y"
"2016","049","2","0c52dc8d-23d5-42f4-87e5-1ca13e9e032b","1","#","#","-----","1803","---","C","22.26","Y"
"2016","050","1","457943e0-32ff-47f3-9046-382b7ea2f96a","1","@","@","@","5500","---","D","23","Y"
"2016","050","2","ebd33553-2514-4ed5-a8de-3f1c117f21fd","1","#","#","-----","1803","---","C","23","Y"
"2016","051","1","cb09aafa-4114-4f07-9946-33c978d0de19","1","@","@","@","5500","---","D","23.5","Y"
"2016","051","2","d680f57a-f82d-45b4-a4b6-d84081b71116","1","#","#","-----","1803","---","C","23.5","Y"
"2016","052","1","5513b979-7dfe-47c4-99fd-8505145b4baf","1","@","@","@","5500","---","D","23.73","Y"
"2016","052","2","3c4b3f18-cf47-40c4-9336-30bc552099c9","1","#","#","-----","1803","---","C","23.73","Y"
"2016","053","1","0483c8d6-b553-4235-9a9a-f65c96af427a","1","@","@","@","5500","---","D","24.2","Y"
"2016","053","2","51f5371f-299a-4582-be4e-f19afa20b365","1","#","#","-----","1803","---","C","24.2","Y"
"2016","054","1","59c5e24d-7be5-4249-bc89-6bd4dfeec4e7","1","@","@","@","5500","---","D","25","Y"
"2016","054","2","87e7c09f-9bdc-4299-be6c-4beb36b0d190","1","#","#","-----","1803","---","C","25","Y"
"2016","055","1","e977007c-823d-4aaa-9c6f-61c9aa94c0fe","1","@","@","@","5500","---","D","25.3","Y"
"2016","055","2","d784ae77-2d89-499a-b721-c697b484c65f","1","#","#","-----","1803","---","C","25.3","Y"
"2016","056","1","872f80e0-e5a2-4f1b-ae0f-cf501b197fc4","1","@","@","@","5500","---","D","26","Y"
"2017","000","1","ggeg383f-8h20-4f7h-e9ff-45e3fgfg1f84","1","@","@","@","5500","---","D","0","Y"
"2017","000","2","e0345831-62f8-452g-e3fe-79h6e991115g","1","#","#","-----","1803","---","C","0","Y"
"2017","001","1","he5hg3fh-31ef-400f-ff09-f04678449574","1","@","@","@","5500","---","D","3.13","Y"
"2017","001","2","2256594f-59fg-4976-fffe-fe3fh1eg7eh0","1","#","#","-----","1803","---","C","3.13","Y"
"2017","002","1","3e9960f2-3eg2-43f9-ff5e-047f8fef8eh4","1","@","@","@","5500","---","D","3.8","Y"
"2017","002","2","06h246he-e3e2-465g-f20e-1738e142e510","1","#","#","-----","1803","---","C","2","Y"
"2017","002","3","h858h9ff-82f3-4g17-f67g-47gf70175h43","1","BL","1031400","-----","1803","---","C","1.8","Y"
"2017","003","1","14eh4e42-g801-416e-ef0e-1g9e367h2fgf","1","@","@","@","5500","---","D","4","Y"
"2017","003","2","603hfg1e-f26f-4f89-fehf-049g34f9e627","1","#","#","-----","1803","---","C","4","Y"
"2017","004","1","82774f4f-2f60-4g6f-ffe3-8g0632e9h222","1","@","@","@","5500","---","D","4.92","Y"
"2017","004","2","33f70e21-e962-4748-88e8-efe25hff7f68","1","#","#","-----","1803","---","C","4.92","Y"
"2017","005","1","33713h68-47e6-4979-87e7-8ff695e33heh","1","@","@","@","5500","---","D","5","Y"
"2017","005","2","46fffehf-e75e-4f04-ef98-5e1ege7ffe15","1","#","#","-----","1803","---","C","5","Y"
"2017","006","1","9h45ee26-25e4-453e-ee97-24eef46fe6e9","1","@","@","@","5500","---","D","5.28","Y"
"2017","006","2","g3e924f0-5f59-47eg-efgf-f3g32e431142","1","#","#","-----","1803","---","C","5.28","Y"
"2017","007","1","1f7eef8e-73hh-48fe-8620-e44295e8e6e6","1","@","@","@","5500","---","D","5.54","Y"
"2017","007","2","58744387-e5h7-4632-f7e3-g846fgf105gg","1","#","#","-----","1803","---","C","5.54","Y"
"2017","008","1","5f361537-759g-4eee-e7ff-e903he54f269","1","@","@","@","5500","---","D","6","Y"
"2017","008","2","18e76038-e0f5-487f-fef7-3471e2f63ff1","1","#","#","-----","1803","---","C","6","Y"
"2017","009","1","4e3267g5-h2h6-49e5-f541-56984g430647","1","@","@","@","5500","---","D","6.4","Y"
"2017","009","2","eg54964f-8635-4315-9gg4-6364fh46e70f","1","#","#","-----","1803","---","C","6.4","Y"
"2017","010","1","67f48e78-7eeh-41h3-e578-14125eg7g51h","1","@","@","@","5500","---","D","7","Y"
"2017","010","2","6651g153-5ffg-4671-eege-4egf3e7ee713","1","#","#","-----","1803","---","C","7","Y"
"2017","011","1","efeh99f3-2ghf-42g5-9f4f-9e376e8f6g26","1","@","@","@","5500","---","D","7.45","Y"
"2017","011","2","f4999448-e629-40f2-ege5-343gffhggef7","1","#","#","-----","1803","---","C","7.45","Y"
"2017","012","1","h2398194-6f59-4ghe-f0g4-gehef32e7679","1","@","@","@","5500","---","D","7.64","Y"
"2017","012","2","2hff38f0-gefg-4701-e769-f5ge78efhh0e","1","#","#","-----","1803","---","C","7.64","Y"
"2017","013","1","f5621f11-9e4h-4ee5-ehh7-3008e503492e","1","@","@","@","5500","---","D","7.8","Y"
"2017","013","2","4he5fh43-35ee-47ge-e6e1-8egfege9h8fe","1","#","#","-----","1803","---","C","7.8","Y"
"2017","014","1","e3e0997e-7ef9-4fg2-f556-9h05fgfe3f08","1","@","@","@","5500","---","D","8","Y"
"2017","014","2","577f310f-1e2e-4f22-eefh-ee18583f61ff","1","#","#","-----","1803","---","C","8","Y"
"2017","015","1","505e38e5-8947-425f-87h8-93g18ef7e85g","1","@","@","@","5500","---","D","8.64","Y"
"2017","015","2","gf2he9f8-efef-47f5-e80g-5fef67f0hegg","1","#","#","-----","1803","---","C","8.64","Y"
"2017","016","1","0e4e23he-heef-4g22-e58e-he381482094f","1","@","@","@","5500","---","D","9","Y"
"2017","016","2","0f710f6g-0120-4f98-e87f-830030f8h34f","1","#","#","-----","1803","---","C","9","Y"
"2017","017","1","hff61eg0-g7he-43h6-99gh-e7g66h662e40","1","@","@","@","5500","---","D","9.8","Y"
"2017","017","2","708g4gh7-66ff-4190-912e-07f8e21386h8","1","#","#","-----","1803","---","C","9.8","Y"
"2017","018","1","f9g1ffef-8905-43f5-94e2-502383533310","1","@","@","@","5500","---","D","10","Y"
"2017","018","2","8f296f69-6efe-4f5e-9878-f5f33553h377","1","#","#","-----","1803","---","C","10","Y"
"2017","019","1","g8188752-6e1h-43h8-9e55-40h536158eef","1","@","@","@","5500","---","D","10.95","Y"
"2017","019","2","e4e21593-2337-4942-efe9-ff4212ee0732","1","#","#","-----","1803","---","C","10.95","Y"
"2017","020","1","f6efeff0-9515-4eef-89e9-1f33f51e4832","1","@","@","@","5500","---","D","11","Y"
"2017","020","2","6774897h-6e43-4fe8-93ef-f4f212e7g099","1","#","#","-----","1803","---","C","11","Y"
"2017","021","1","91eg65f2-4h00-40e6-95gf-50eg5fhhfe5g","1","@","@","@","5500","---","D","11.11","Y"
"2017","021","2","6e17ffh1-6974-4659-84e0-9he6h5f725gg","1","#","#","-----","1803","---","C","11.11","Y"
"2017","022","1","ghfh8084-f509-4f86-f6g1-f3e1fg72011e","1","@","@","@","5500","---","D","11.14","Y"
"2017","022","2","0g33hg5f-26eh-4ff8-8e9e-0g1269509eee","1","#","#","-----","1803","---","C","11.14","Y"
"2017","023","1","e5314417-g372-46f1-832f-g856g0eff622","1","@","@","@","5500","---","D","11.5","Y"
"2017","023","2","eee5f7fe-f2e7-4gee-f290-0800582f3e68","1","#","#","-----","1803","---","C","11.5","Y"
"2017","024","1","ge0h628f-hffe-49e9-80fh-44e09f28e814","1","@","@","@","5500","---","D","12","Y"
"2017","024","2","h3f22080-7g62-478g-f5f1-f1197gh18379","1","#","#","-----","1803","---","C","12","Y"
"2017","025","1","557fe3eg-19f5-470e-986e-hefe36fhf328","1","@","@","@","5500","---","D","12.46","Y"
"2017","025","2","f902e74f-e8g0-4583-eegg-f9ff4622g1g4","1","#","#","-----","1803","---","C","12.46","Y"
"2017","026","1","9h918f9h-5513-40e7-8181-1gehf107f70e","1","@","@","@","5500","---","D","12.5","Y"
"2017","026","2","07fhf426-eg9f-4e9f-892e-hfh5hf9408f7","1","#","#","-----","1803","---","C","12.5","Y"
"2017","027","1","ffh3845e-2eef-44eh-f7e1-fe0292827409","1","@","@","@","5500","---","D","12.54","Y"
"2017","027","2","h439231f-g5f5-4e40-8ff8-8ff900e4e2f6","1","#","#","-----","1803","---","C","12.54","Y"
"2017","028","1","4h3966f3-62h5-48fe-f0e5-f75f0094ege8","1","@","@","@","5500","---","D","12.78","Y"
"2017","028","2","g862eggf-512e-4170-e0ee-g234ff903e07","1","#","#","-----","1803","---","C","12.78","Y"
"2017","029","1","1feg3hf7-f963-4e16-8031-878he5g35476","1","@","@","@","5500","---","D","13","Y"
"2017","029","2","e4e69g90-5080-4170-91h7-057ge4679ge1","1","#","#","-----","1803","---","C","13","Y"
"2017","030","1","gg8feghe-00fh-4f14-9ee3-74909ff71896","1","@","@","@","5500","---","D","14","Y"
"2017","030","2","g0f6g5e9-hf24-46g5-feee-5f5399fh9354","1","#","#","-----","1803","---","C","14","Y"
"2017","031","1","2hf13hhe-7h05-433e-9g76-e0hf3he45h4f","1","@","@","@","5500","---","D","15","Y"
"2017","031","2","ff7032f5-5ef6-48e9-e909-1ef974453eg7","1","#","#","-----","1803","---","C","15","Y"
"2017","032","1","54f749h2-h6ff-4fe3-9825-0g4644hfe612","1","@","@","@","5500","---","D","15.92","Y"
"2017","032","2","h695hfe3-00f6-4321-9044-9ef5ee245911","1","#","#","-----","1803","---","C","15.92","Y"
"2017","033","1","61e211eg-5h53-4f67-8902-f43ge367299f","1","@","@","@","5500","---","D","16","Y"
"2017","033","2","8g9942e5-hf1f-43hf-94ge-f73e66257e6f","1","#","#","-----","1803","---","C","16","Y"
"2017","034","1","91e22300-7224-496f-ff48-369eehe33358","1","@","@","@","5500","---","D","16.19","Y"
"2017","034","2","fh17f187-fh53-4565-978f-69ff5532fef2","1","#","#","-----","1803","---","C","16.19","Y"
"2017","035","1","e53g9715-h3e0-4gg8-ff8f-5ffg5f715745","1","@","@","@","5500","---","D","17","Y"
"2017","035","2","f19ehg1e-fhef-4f97-9f29-he95e5fef808","1","#","#","-----","1803","---","C","17","Y"
"2017","036","1","fg80ffg4-h731-4g16-9h5e-9g19hf95e06f","1","@","@","@","5500","---","D","17.33","Y"
"2017","036","2","349hh5e9-44g5-48g5-f686-43h3f966f0g9","1","#","#","-----","1803","---","C","17.33","Y"
"2017","037","1","5fe4115e-8e66-4egg-8e9g-6e3h7fg53f01","1","@","@","@","5500","---","D","17.34","Y"
"2017","037","2","7e5e76e5-466f-43f7-8732-eg6hh6610547","1","#","#","-----","1803","---","C","17.34","Y"
"2017","038","1","3682h5e7-fe41-4fgf-909g-406eh03eh708","1","@","@","@","5500","---","D","17.44","Y"
"2017","038","2","73e977ge-e3f3-4f3h-fgg0-9hh266e11e63","1","#","#","-----","1803","---","C","17.44","Y"
"2017","039","1","048hf40e-f320-43gf-9e95-g50ff6fehef2","1","@","@","@","5500","---","D","18","Y"
"2017","039","2","fe538781-f618-4f14-f192-4egg3ge4e3e4","1","#","#","-----","1803","---","C","18","Y"
"2017","040","1","e7fef15f-9e8f-4e27-95h4-5e42h55eh43h","1","@","@","@","5500","---","D","18.18","Y"
"2017","040","2","0090gff1-fg28-41g5-eg79-5f23h6f34082","1","#","#","-----","1803","---","C","18.18","Y"
"2017","041","1","ee682f43-efgh-404e-93g2-e0h02511521f","1","@","@","@","5500","---","D","20","Y"
"2017","041","2","3f32h925-9gfh-43e3-8ef5-h1e75g551h16","1","#","#","-----","1803","---","C","20","Y"
"2017","042","1","537295ef-hhfe-431f-8e98-57fe18he7252","1","@","@","@","5500","---","D","20.12","Y"
"2017","042","2","e1f0f135-207f-4e39-90fe-7f32h5ee5e46","1","#","#","-----","1803","---","C","20.12","Y"
"2017","043","1","355fg1g9-1efe-4756-fh78-f4hg21e3ff84","1","@","@","@","5500","---","D","20.6","Y"
"2017","043","2","46f510ef-3gh1-4h74-9f05-g9fhg9f0f2g4","1","#","#","-----","1803","---","C","20.6","Y"
"2017","044","1","h4ge9hgg-1222-451e-eh21-0ef0968ee194","1","@","@","@","5500","---","D","20.66","Y"
"2017","044","2","9hg27f81-g9f4-43e3-eh20-ef9e24448431","1","#","#","-----","1803","---","C","20.66","Y"
"2017","045","1","5e71g35h-21e1-4958-f708-f22ee51g8e37","1","@","@","@","5500","---","D","20.73","Y"
"2017","045","2","9g816498-43ef-40h6-8892-e20197e5204f","1","#","#","-----","1803","---","C","20.73","Y"
"2017","046","1","028g6e3h-f191-4g09-94e3-167267efgh5e","1","@","@","@","5500","---","D","21.33","Y"
"2017","046","2","24g6g4ef-321g-462h-fefe-530h6ee274fh","1","#","#","-----","1803","---","C","21.33","Y"
"2017","047","1","f3e6e11e-322f-4601-e707-h3h3eh9ff2he","1","@","@","@","5500","---","D","21.8","Y"
"2017","047","2","1gh75431-727f-4371-961e-e844f4eeee71","1","#","#","-----","1803","---","C","21.8","Y"
"2017","048","1","2e61eh93-2ge6-4eff-ehff-g286f5578f4e","1","@","@","@","5500","---","D","22","Y"
"2017","048","2","4he202g9-eg90-469f-f376-g7eg00eg813f","1","#","#","-----","1803","---","C","22","Y"
"2017","049","1","g748h418-6e58-4gh9-8ffh-87h33123g35g","1","@","@","@","5500","---","D","22.26","Y"
"2017","049","2","0g52hg8h-23h5-42f4-87e5-1ge13e9e032f","1","#","#","-----","1803","---","C","22.26","Y"
"2017","050","1","457943e0-32ff-47f3-9046-382f7ee2f96e","1","@","@","@","5500","---","D","23","Y"
"2017","050","2","efh33553-2514-4eh5-e8he-3f1g117f21fh","1","#","#","-----","1803","---","C","23","Y"
"2017","051","1","gf09eefe-4114-4f07-9946-33g978h0he19","1","@","@","@","5500","---","D","23.5","Y"
"2017","051","2","h680f57e-f82h-45f4-e4f6-h84081f71116","1","#","#","-----","1803","---","C","23.5","Y"
"2017","052","1","5513f979-7hfe-47g4-99fh-8505145f4fef","1","@","@","@","5500","---","D","23.73","Y"
"2017","052","2","3g4f3f18-gf47-40g4-9336-30fg552099g9","1","#","#","-----","1803","---","C","23.73","Y"
"2017","053","1","0483g8h6-f553-4235-9e9e-f65g96ef427e","1","@","@","@","5500","---","D","24.2","Y"
"2017","053","2","51f5371f-299e-4582-fe4e-f19efe20f365","1","#","#","-----","1803","---","C","24.2","Y"
"2017","054","1","59g5e24h-7fe5-4249-fg89-6fh4hfeeg4e7","1","@","@","@","5500","---","D","25","Y"
"2017","054","2","87e7g09f-9fhg-4299-fe6g-4fef36f0h190","1","#","#","-----","1803","---","C","25","Y"
"2017","055","1","e977007g-823h-4eee-9g6f-61g9ee94g0fe","1","@","@","@","5500","---","D","25.3","Y"
"2017","055","2","h784ee77-2h89-499e-f721-g697f484g65f","1","#","#","-----","1803","---","C","25.3","Y"
"2017","056","1","872f80e0-e5e2-4f1f-ee0f-gf501f197fg4","1","@","@","@","5500","---","D","26","Y"