UNIV_FISCAL_YR,FIN_COA_CD,ACCOUNT_NBR,FIN_OBJECT_CD,FIN_SUB_OBJ_CD,OBJ_ID,VER_NBR,FIN_SUB_OBJ_CD_NM,FIN_SUBOBJ_SHRT_NM,FIN_SUBOBJ_ACTV_CD
2014,EA,6868451,0887,WVR,5b4578f1-643c-4ce6-9ad8-68c6d2e88477,1,TECHNOLOGY FEE WAIVER,TECH FEE WVR,Y
2014,EA,6868451,0987,WVR,cc285860-81a6-4b54-a176-b06cb6c47176,1,TECHNOLOGY FEE WAIVER,TECH FEE WVR,Y
2014,EA,9067011,7303,ASV,f37389d7-bbdf-428e-8c6b-49b7ab1d84e3,1,ADDITIONAL SERVICES,add't svcs,Y
2014,EA,9067011,7303,FEE,09353673-1a0e-4a19-9ea7-fab7bc5929b3,1,ARCHITECT FEES,archt,Y
2014,EA,9067011,7303,REM,3bc9031a-1301-4c07-a2fe-0f665c12b732,1,REIMBURSABLES,reimb,Y
2014,EA,9067017,4520,ASV,813df0f1-8290-4530-a3f1-3fcd20d53071,1,ADDITIONAL SERVICES,add't svcs,Y
2014,EA,9067017,4520,REM,f148a352-75a5-4f95-b258-8f4c0e52a7b7,1,REIMBURSABLES,reimb,Y
2014,EA,9067017,7301,ASV,48a6534a-91fc-4eba-a6a9-c8d97c23d2b0,1,ADDITIONAL SERVICES,add't svcs,Y
2014,EA,9067018,7301,ASV,af2e50ec-eb19-4a5d-97cf-58cd9d943897,1,ADDITIONAL SERVICES,Add't Srvcs,Y
2014,EA,9067018,7301,FEE,bac38974-180a-4d57-8cca-295279bd5d57,1,ARCHITECTURAL,Arch fees,Y
2014,EA,9067018,7301,REM,502acfb3-3db2-4775-9eef-671fcc1fc8d1,1,REIMBURSABLES,Reimb,Y
2014,EA,9067019,7301,ASV,d789d222-5b0b-40c0-b5ce-be8607b1e3cd,1,ADDITIONAL SERVICES,Add't svcs,Y
2014,EA,9067019,7301,FEE,1e5a0dac-4a91-46e0-899a-f4f404173199,1,ARCHITECTURUAL,arch fees,Y
2014,EA,9067019,7301,REM,692ebee8-f96a-4bda-8c7c-ec374d0947eb,1,REIMBURSABLES,reimb,Y
2014,EA,9067019,7468,ASV,dcd7580b-4860-41c4-94c1-72f89d02d62a,1,ADDITIONAL SERVICE,Add't Svcs,Y
2014,EA,9067019,7468,FEE,823a39be-7b51-4ca6-8806-b3f8883e0ba3,1,ARCHITECTURAL,Arch Fees,Y
2014,EA,9067019,7468,REM,21795926-4c47-49a5-84bc-5d2b587926e3,1,REIMBURSABLES,Reimb,Y
2014,EA,9269401,9940,LCF,f2419abd-11cc-41f5-ab3c-ef4922300920,1,LIFE CYCLE FUNDING,LIFECYCLE,Y
2014,EA,9769390,7900,000,4b0014b8-ea51-448d-b433-6882d2a28632,1,UNALLOCATED,UNALLOCATED,Y
2014,BL,1031400,3000,WIN,843cf18a-0e5d-4e41-b642-c0f5916ebc0d,1,Instructional Support Wages,Instruct.,Y
2014,BL,1031400,3000,WMO,46287ebf-4f1e-48f6-82b0-c6796430cf62,1,Main Office Wages,Main Office,Y
2014,BL,1031400,3000,WTS,d65cfb09-ca9f-48b5-8a25-1036265747a0,1,Tech Support Wages,Tech Support,Y
2014,BL,1031400,5000,SAC,9319321a-d487-467b-ad7a-4c89ffea74f2,1,Animal Care Supplies,Animal Care,Y
2014,BL,1031400,5000,SAO,684a74bf-0599-49e8-b384-59fd08baea8f,1,Advising Office Supplies,Advising Off,Y
2014,BL,1031400,5000,SAS,68dce7a8-c9de-4629-a90b-e33d05564b68,1,Academic Services Office,Academic Ser,Y
2014,BL,1031400,5000,SBO,6bef7d72-8769-4c1d-9399-35afb1679ba4,1,Business Office Supplies,Buss Office,Y
2014,BL,1031400,5000,SBS,a7842381-1cdf-45b9-a28e-33e7d6c93e36,1,Building Services Supplies,Bldg Service,Y
2014,BL,1031400,5000,SCB,7e522be3-b520-4b5a-a4b9-11d7a6e21b42,1,Supplies Cabinet,Supply Cab,Y
2014,BL,1031400,5000,SCL,728441ae-05bf-47c2-8c8b-c5aaacfd8643,1,Cause Library Supplies,CAUSE Supply,Y
2014,BL,1031400,5000,SCO,79417a33-a781-46d0-86a8-10f3dc454053,1,Chair's Office Supplies,Chair Office,Y
2014,BL,1031400,5000,SCQ,0443e58a-05f5-4ccd-89ea-b9374cb04374,1,Colloquium Supplies,Colloquium,Y
2014,BL,1031400,5000,SCS,2ac816da-c466-4f5b-9eca-7258cfbfd6a7,1,Clinical Sciences Supplies,Clinic,Y
2014,BL,1031400,5000,SFC,1455bea9-ba9f-496b-a1c6-f08399dc7d06,1,Faculty Supplies,Faculty,Y
2014,BL,1031400,5000,SFR,0ca33522-a623-41cd-adce-dbd93731b9a9,1,Faculty Recruitment,Faculty Recr,Y
2014,BL,1031400,5000,SGS,5082096c-29ca-40f3-b121-b5e4e408c2b1,1,Grant Support Supplies,Gnt Support,Y
2014,BL,1031400,5000,SLB,127b4bdf-0175-4963-9308-3b9393975384,1,Labs Supplies,Labs Supply,Y
2014,BL,1031400,5000,SLN,8fc5b2b2-bef9-40ff-9efe-0b26fabd3831,1,LAN Supplies,LAN,Y
2014,BL,1031400,5000,SRF,b976ddf4-c228-4747-ab2d-87f0cbd63936,1,Retired Faculty Supplies,Retired Fac,Y
2014,BL,1031400,5000,SSC,884324dd-e5b1-4a24-9a40-2c5d50fe0394,1,Secretarial Supplies,Secreterial,Y
2014,BL,1031400,5000,SSR,ed4f3c15-9fa9-4f2e-98c6-4c4ab223cac4,1,Student Recruitment,GS Recruit,Y
2014,BL,1031400,5000,SSS,d2226131-ddaf-4ef3-8c1e-7f153fb266ae,1,Social Student Supplies,Social GS,Y
2014,BL,1031400,5000,STS,cf21aeab-136b-40fc-9118-ae5e7983af0c,1,Tech Support Supplies,Tech Support,Y
2014,EA,0308160,8160,07,3c4da40e-6638-44d2-a94d-7838c4025ca5,1,SUM I BURSAR AR,SUM I AR,Y
2014,EA,0308160,8160,08,a9fff3b6-8fea-4536-b558-d1b0e434b0ec,1,FALL BURSAR AR,FALL AR,Y
2014,EA,0308160,8160,09,49a22b0a-5218-4fa3-b2bd-71f1656d461c,1,SPRING BURSAR AR,SPRING AR,Y
2014,EA,0308160,8160,10,ecbf43ee-1a0e-41f2-8928-aee271865dd2,1,SUM II BURSAR AR,SUM II AR,Y
2014,EA,0308460,8460,07,d97dd48e-5c41-4714-8cb3-7251f1237ebd,1,SUMMER 1 PREPAID,SUM 1 PPD,Y
2014,EA,0308460,8460,10,351c8f20-434c-47cf-b7f6-9c5dd8c33646,1,SUMMER 2 PREPAID,SUM 2 PPD,Y
2014,EA,0309060,9060,07,37425df4-3f1a-4d69-acc9-6dce200ad17e,1,SUM I DEF REV,SUM I DF RV,Y
2014,EA,0309060,9060,10,ca5815f9-ddd9-4c78-bdea-bd0ae1fd3041,1,SUM II DEF REV,SUM II DF RV,Y
2014,EA,0309060,9080,UNA,09badba7-9dad-47e2-b421-084090c6cec9,1,UNAPPLIED PAYMENTS,UNAPPLIED,Y
2014,EA,0309465,9465,07,cced1e2f-89c9-48e3-bafa-9726252e846b,1,SUM II DEF REV,SUM II DF RV,Y
2014,EA,0309465,9465,08,53e6a66d-5871-49af-93bd-5597aaefc3a0,1,FALL DEF REV,FALL DF RV,Y
2014,EA,0309465,9465,09,6d1a5a92-e5fc-4ec8-a6f8-4965fc11e490,1,SPRING DEF REV,SPRING DF RV,Y
2014,EA,0309465,9465,10,8798235f-2625-429c-ac88-8133c3b04a1d,1,SUM II DEF REV,SUM II DF RV,Y
2014,EA,0366500,4008,041,939f4563-f912-4294-8784-e8704fc60cb5,1,Special Events Alloc,Spec Events,Y
2014,EA,0366500,9977,041,c120f4c7-5430-4e06-b31b-0ea93b423f44,1,Special Events Alloc,Spec Events,Y
2014,EA,0366513,7900,020,8f722a03-a1fe-450d-a1e2-997efcdce62a,1,CAMPUS CONTINGEN,CAMPUS CONTI,Y
2014,EA,0366513,7900,040,82e50285-51c2-4c70-9bf1-7ba82a952dee,1,COMP SERV ALLOC,COMP SERV AL,Y
2014,EA,0366513,7900,046,60be18fd-1e9e-4a51-af5e-e40221dc34e3,1,RECLASS RESERVE,RECLASS RESE,Y
2014,EA,0366513,7900,047,2c91aaf4-4c3c-4ec7-9442-7084dfb46045,1,LIBRARY AQUIT ALLO,LIBRARY AQUI,Y
2014,EA,0366513,7900,048,428dec24-cf85-4e74-825f-5204f43a6928,1,ENROLL INIT ALLOC,ENROLL INIT,Y
2014,EA,0366513,7900,049,0c6ccf6d-5e35-47a9-96ed-b7cc943a92c6,1,RETIREMENT PAY ALL,RETIREMENT P,Y
2014,EA,0366513,7900,050,492d8d36-92ec-49d0-9d2e-bfbdce17863e,1,FUND BAL ADDITION,FUND BAL ADD,Y
2014,EA,0366513,7900,051,faa0cefd-9db7-4491-b8b5-ed6d5af1a5de,1,STRATEGIC DIRECTIONS ALLOC,STR DIR ALLO,Y
2014,EA,0366513,7900,052,7638acd4-cecf-4810-a815-d62abbb2d529,1,FAC TEACH FOR EXCELLENCE,FAC EXCEL-TE,Y
2014,EA,0366513,7900,053,b6e6a5d7-c621-46d2-baed-f44b007808ae,1,Quality Improvement Projects,Quality Impr,Y
2014,EA,0366513,7900,BCP,b5d83dca-b238-4aa3-bc9e-43ec5726ffac,1,BUDGET CONTINGENCY PLAN,B C Plan,Y
2014,EA,0366513,7900,RET,5051c1fe-3d70-438c-898b-c56014bfe546,1,1% RETENTION INITIATIVE,RETENTION,Y
2014,EA,0366513,7900,UTX,90f284b4-7fe6-427f-ae1e-8b8a11a7ce31,1,CONTINGENCY SAVINGS - UNIV TAX,Univ Tax Sav,Y
2014,EA,0366520,4008,COL,ebf306bf-027a-4ce3-ba88-53099565240c,1,COLOR COPIER OFFICE SERVICES,color copier,Y
2014,EA,0366520,4008,FOC,9ff28a1f-e3f4-4b7f-ae95-d612b01f8553,1,Focus on Arts funding,Focus Art,Y
2014,EA,0366520,4008,GRA,2821b702-2832-440e-89ae-d782256a6c2d,1,GRAF ENDOWED FACULTY,GRAF,Y
2014,EA,0366520,4008,MLR,1322dd98-910c-4464-ae29-e6ba98404a3b,1,Mailroom Allocation,Mailroom,Y
2014,EA,0366520,4008,WCT,0b1d8736-fe00-493a-91fc-a16a3b560a5f,1,WCTV support funds,WCTV,Y
2014,EA,0366520,4078,PRO,af503d27-bc40-4774-90ef-8987c5b8b5f5,1,Professional Council Funds,Prof Counc,Y
2014,EA,0366520,4078,STF,907a2921-bef0-4fef-bec1-bef3407868f7,1,Staff Council Funds,Staff Counc,Y
2014,EA,0366520,7900,000,093e45bf-2551-4739-96a7-c6158765d32d,1,NEW BLDG START ALL,NEW BLDG STA,Y
2014,EA,0366520,9977,COL,abb95986-40cb-48b0-99c2-be21d4c5df36,1,COLOR COPIER OFFICE SERVICES,color copier,Y
2014,EA,0366520,9977,FOC,d6ea37f9-fea8-4b04-95d7-60fb59df1251,1,Focus on Arts funding,Focus Art,Y
2014,EA,0366520,9977,GRA,4fc4b253-7a7d-4a60-b2e8-f1a67fef310e,1,GRAF ENDOWED FACULTY,GRAF,Y
2014,EA,0366520,9977,MLR,b0428404-d36c-43e1-9828-ecf7ee72320c,1,Mailroom Allocation,Mailroom,Y
2014,EA,0366520,9977,WCT,57d7d5e0-58e8-467f-9df1-c743e4798bc6,1,WCTV support funds,WCTV,Y
2014,EA,0366530,1110,TEC,a68c46e2-cceb-422e-bf88-9e05869a6a76,1,TECH FUNDING,tech fund,Y
2014,EA,0366530,1110,UNI,32fde26d-8aad-412a-8fda-17a9fb646830,1,UNIVERSITY INITIATIVES,univ init,Y
2014,EA,0366530,4008,ERF,b6a366d6-a1ac-460e-a9c6-a4abd2258833,1,Early Retirement Funding Res,Erly Ret Fnd,Y
2014,EA,0366530,4008,FCT,5e65c438-3d08-4912-98a1-4ac2205a3f10,1,FACULTY COLLOQ ON EXCELLANCE IN TEACHING,FACET,Y
2014,EA,0366530,4008,SLC,781d13e6-ab93-4dac-9f1d-e17ebf76ac61,1,STUDENT LOAN COLLECTIONS,Collections,Y
2014,EA,0366530,4008,TEC,ce4195d3-5299-492a-ba9c-2fe1b99c4a89,1,BASE TECH FUND,tech fund,Y
2014,EA,0366530,4008,UNI,a18b04f3-40d5-4372-8352-4ab72134a7ea,1,UNIVERSITY INITIATIVES,UNIV INIT,Y
2014,EA,0366530,9956,DFC,681be172-ae0a-4f2c-8c59-2f8e40745f2f,1,DEPENDENT FEE COURTESY,Fee courtesy,Y
2014,EA,0366530,9956,DFS,cd6c4a22-f254-48a9-9a01-6294e50dcda4,1,DEPENDENT FEE COURTESY,Fee courtesy,Y
2014,EA,0366530,9977,ERF,f02e4217-c14d-4a2b-b325-1a59b5e9e360,1,Early Retirement Funding Res,Erly Ret Fnd,Y
2014,EA,0366530,9977,FCT,ee69c2d4-13d3-47d4-871a-85c2a1e26765,1,FACULTY COLLOQ ON EXCELLANCE IN TEACHING,FACET,Y
2014,EA,0366530,9977,SLC,d6484368-f397-4da6-b9a7-bdd923429ef1,1,STUDENT LOAN COLLECTIONS,Collections,Y
2014,EA,0366530,9977,TEC,c5945e85-fb11-4da5-b0fb-fb217107b2d8,1,BASE TECH FUND,tech fund,Y
2014,EA,0366530,9977,UNI,56a00f68-da8f-4fad-a7fa-2be194d3a570,1,UNIVERSITY INITIATIVES,UNIV INIT,Y
2014,EA,0366550,9970,UAC,7ad46d9a-dd4e-467c-8a36-1fdd10c165e1,1,EQUIP REPLACE FUNDING UA COMPONENT,EQREP UA,Y
2014,EA,0366571,4008,MSA,43641f53-3e72-45af-9b3f-3e9264ca1c96,1,MICROSOFT AGREEMENT,MICROSOFT,Y
2014,EA,0366571,9977,MSA,8d3579b6-c8d8-4e3a-b239-4cb487ae60a3,1,MICROSOFT AGREEMENT,MICROSOFT,Y
2014,EA,0366586,1110,TEC,86f5f637-575a-4869-895f-be9f8192fe83,1,STATE APPROP TECHNOLOGY,TECHNOLOGY,Y
2014,EA,0366586,1110,UNI,2127851b-52a7-4eae-be8b-e043bc81210d,1,STATE APPROP UNIVERSITY INITIATIVES,UNIV INITVE,Y
2014,EA,0366600,4008,040,d40e893e-d84e-4cf5-aba2-216e575b05f2,1,Alumni alloc,alumni,Y
2014,EA,0366600,4008,041,86586206-1616-413d-8617-f736e29e1196,1,Special Events Allocation,Spec Events,Y
2014,EA,0366600,4008,042,b1252e84-38b8-4810-b9bc-b04f51c90e0f,1,Lively Arts Alloc,Lively Arts,Y
2014,EA,0366600,4008,043,f36ddd47-d038-42a7-b8f6-2b878677e7e2,1,Gallery Allocation,Gallery,Y
2014,EA,0366600,4008,ALU,d107e45e-bc6c-4c49-b053-01930ae6e54c,1,ALUMNI RELATIONS,Alum,Y
2014,EA,0366600,7900,040,e9aad7bd-e35f-4b9c-aafd-18ce59bb3c88,1,ALUM ASSN ALLOT,ALUM ASSN AL,Y
2014,EA,0366600,7900,041,1c79de0a-3084-466c-9d6f-3678be9bebb8,1,SPEC EVENT ALLOT,SPEC EVENT A,Y
2014,EA,0366600,7900,042,330d662d-a0bf-45ca-b68e-637236c74662,1,LIVELY ARTS ALLOT,LIVELY ARTS,Y
2014,EA,0366600,7900,043,83a06fb5-e20b-477a-854e-73d0f13a07dc,1,FUND RAISING ALL,FUND RAISING,Y
2014,EA,0366600,9977,040,23d99a25-1e68-4222-be61-92bf8e936eee,1,Alumni alloc,alumni,Y
2014,EA,0366600,9977,041,ed37f77e-acd1-4bd2-86b1-f1af3e357c2b,1,Special Events Allocation,Spec Events,Y
2014,EA,0366600,9977,042,a3b397db-d625-4db4-9925-eb94aa4d1cc3,1,Lively Arts Alloc,Lively Arts,Y
2014,EA,0366600,9977,043,6b588679-2992-4025-bca5-f4644acae308,1,Gallery Allocation,Gallery,Y
2014,EA,0366600,9977,ALU,ef2a2a78-032e-4b20-81af-64c10cbc1164,1,ALUMNI RELATIONS,Alum,Y
2014,EA,0367200,9977,ONB,c3833c30-664c-4eb0-bcdb-f6aea9c5fe6c,1,ONBASE BUDGET ALLOCATION,ONB,Y
2014,EA,0367235,9977,HMS,b1a7d2cd-ec84-4c22-955f-0a71af568f08,1,HRMS BUDGET ALLOCATION,HRMS,Y
2014,EA,0367287,0110,SDC,49529d9e-8cc2-4abd-b2a3-785ed1ed4a4d,1,SDC TUITION RESERVE,SDC TUIT RES,Y
2014,EA,0367287,0703,WVR,46185bbe-0fe0-47bc-8bbb-7ae5515d15d0,1,PRIOR YEAR FEES-WVR,PRI YR F-WVR,Y
2014,EA,0367287,0790,WVR,87537dc4-be04-448c-bfc0-6e91524eabf4,1,LATE REGISTRATION FEE WAIVER,LATE REG WVR,Y
2014,EA,0367287,0791,WVR,408a4821-513c-44fc-945e-11aa86d9d12c,1,SUM2 NON CR HR FEE DEFERRED-WVR,S2NCR DF-WVR,Y
2014,EA,0367287,0890,WVR,6a88e8fa-2577-43fd-80a9-1845a5cf1189,1,LATE REGISTRATION FEE WAIVER,LATE REG WVR,Y
2014,EA,0367287,0891,WVR,0fbc7049-9fba-4212-96d7-557b643e8bb3,1,FALL NON CR HR FEE DEFERRED-WVR,FLNCR DF-WVR,Y
2014,EA,0367287,0990,WVR,e7ff0e8a-a61b-4571-8e22-9c814ca48a8b,1,LATE REGISTRATION FEE WAIVER,LATE REG WVR,Y
2014,EA,0367287,0991,WVR,32aa0ce8-59d0-4f36-8535-ae79c171dcd7,1,SPRG NON CR HR FEE DEFERRED-WVR,SPNCR DF-WVR,Y
2014,EA,0367287,1090,WVR,806ee234-c5f8-46cc-b454-9b54ab0d3fa9,1,LATE REGISTRATION FEE WAIVER,LATE REG WVR,Y
2014,EA,0367287,1091,WVR,e5da2771-909b-4434-af73-b726d7eca080,1,SUM1 NON CR HR FEE DEFERRED-WVR,S1NCR DF-WVR,Y
2014,EA,0367287,1800,WVR,f68016d3-4c3b-48eb-b357-54f6210b9ca8,1,OTHER INCOME-WAIVER,OTHR INC-WVR,Y
2014,EA,0367310,7900,000,229faa75-75e0-4521-b65b-957ffc7a02da,1,WEEKEND COVER ALLOC,WKEND COVER,Y
2014,EA,0367318,7000,NRE,a7ad143c-92a9-4445-8b15-221b60023d52,1,NONRECURRING EQUIPMENT,NONRECURRING,Y
2014,EA,0367525,2502,WRI,acb0e0c2-e10c-4d46-9309-79e36a3f7ed9,1,WRIGHT,WRIGHT,Y
2014,EA,0367587,0110,SCH,aa55a609-ed07-43c1-9d0d-4669f77b6c8e,1,SCHOLAR CDV RESERVE,CDV SCHOL RE,Y
2014,EA,0367720,5810,WVR,0390c667-01a3-4aea-bd57-3c4db84d9500,1,GRAD STUD FEE WVR,GRAD FEE WVR,Y
2014,EA,0368000,2200,CTE,48d21099-c457-4a68-b391-ca47c6cc4051,1,COMMITMENT TO EXCELLENCE,COMMITMENT,Y
2014,EA,0368000,7900,000,f49c71b3-9916-4fe5-ad9a-7bc9ecd1974e,1,UNALLOCATED,UNALLOCATED,Y
2014,EA,0368000,7900,040,fd932e1b-e3d3-4498-a66f-2cc7bde273a7,1,ALLOC ECON ED CN,ALLOC ECON E,Y
2014,EA,0368000,7900,CTE,35673079-91de-4038-8b28-b5a17dc8eb2e,1,COMMITMENT TO EXCELLENCE,COMMITMENT,Y
2014,EA,0368000,9977,CHP,3dad9b08-f594-4bd7-a2d9-c632b5312163,1,CHP E219 BUDGET ALLOCATION,CHP,Y
2014,EA,0368000,9977,EEC,07a4ea7a-38db-4ef5-9e41-6654ac9279bc,1,EEC BUDGET ALLOCATION,EEC,Y
2014,EA,0368000,9977,GRF,600b4d5b-09f7-4ecd-8b42-b65da491655d,1,GRAF E219 BUDGET ALLOCATION,GRF,Y
2014,EA,0368010,2000,CTE,d0008ebf-df0f-44b0-a675-f8e86b84282a,1,COMMITMENT TO EXCELLENCE,COMMITMENT,Y
2014,EA,0368014,4008,LAB,7b8e90dd-8d31-437c-852d-567ff47ca8fc,1,COMPUTER LAB,COMP LAB,Y
2014,EA,0368014,4008,MSA,f3143ac9-2f0c-4402-acdd-7c2070c102d1,1,MICROSOFT AGREEMENT,MICROSOFT,Y
2014,EA,0368014,7900,000,1737da95-99b3-454c-8683-000edbc88466,1,STU NETWORK ALLOC,STU NETWORK,Y
2014,EA,0368014,9977,LAB,86fa7359-b2f2-4b7f-9ceb-df8eaa937c8b,1,COMPUTER LAB,COMP LAB,Y
2014,EA,0368014,9977,MSA,b5309d01-22da-42e4-aa62-848bb86cc65d,1,MICROSOFT AGREEMENT,MICROSOFT,Y
2014,EA,0368016,3000,CTE,f7e3ca17-a76e-4a36-a9bb-de7e26f140fa,1,COMMITMENT TO EXCELLENCE,COMMITMENT,Y
2014,EA,0368016,3500,CTE,b834a66b-ca7e-4be4-80fb-a8b056d9e807,1,COMMITMENT TO EXCELLENCE,COMMITMENT,Y
2014,EA,0368020,2000,CTE,4b514da1-1bf9-4b94-8b30-b45e14483137,1,COMMITMENT TO EXCELLENCE,CTE,Y
2014,EA,0368020,2500,CTE,0e2e6f0d-a8ca-4d1c-89e1-c6cf141bf6f7,1,COMMITMENT TO EXCELLENCE,CTE,Y
2014,EA,0368025,5199,000,eb838b56-0284-46c4-92d4-ed3cae8066c5,1,TRANSFERS OF FUNDS,TRANSFERS OF,Y
2014,EA,0368025,9900,000,1f2f1c61-0627-4c70-8514-827402d93313,1,TRANSFERS OF FUNDS,TRANSFERS OF,Y
2014,EA,0368030,3500,CTE,498438bd-339c-4089-bab7-a828872c0e70,1,COMMITMENT TO EXCELLENCE,CTE,Y
2014,EA,0368035,2000,CTE,b1c3637f-4836-4631-b8c7-473a747fabcf,1,COMMITMENT,CTE,Y
2014,EA,0368035,2400,CTE,8975ce3d-d107-43c3-a8b8-0e42d0da5403,1,COMMITMENT,CTE,Y
2014,EA,0368040,2000,ADM,282f8507-2e3c-405a-a532-29b9f98a3ca4,1,ADMINISTRATIVE SUPPORT,Admin Suppor,Y
2014,EA,0368100,2000,CTE,7c89aafb-dde2-40dc-861f-8bfa2657dc46,1,COMMITMENT TO EXCELLENCE,COMMITMENT,Y
2014,EA,0368187,0110,SDC,94c2219b-a9e1-423f-8582-b4c99d1c0f5c,1,SDC TUITION RESERVE,SDC RESERVE,Y
2014,EA,0368187,0703,WVR,457256fb-66aa-4e80-9e28-93cce1324a1d,1,PRIOR YEAR FEES-WVR,PRI YR F-WVR,Y
2014,EA,0368187,0787,WVR,029c40ae-b422-49cd-838c-5ba5ac3e82a6,1,TECHNOLOGY FEE WAIVER,TECH FEE WVR,Y
2014,EA,0368187,0887,WVR,8b7005db-6b27-4c90-96db-537dd87e09f7,1,TECHNOLOGY FEE WAIVER,TECH FEE WVR,Y
2014,EA,0368187,0987,WVR,f683d4f7-8449-4fc8-b573-1862ddd29fbb,1,TECHNOLOGY FEE WAIVER,TECH FEE WVR,Y
2014,EA,0368187,1087,WVR,51a0aafe-c056-420f-99be-22f1554da3ec,1,TECHNOLOGY FEE WAIVER,TECH FEE WVR,Y
2014,EA,0368200,2000,CTE,be070340-918d-4005-9662-6c9df6acfc7d,1,COMMITMENT TO EXCELLENCE,Commitment,Y
2014,EA,0368200,2400,CTE,29c39bc4-83cc-42a6-9639-4f8e0ae38bb7,1,COMMITMENT TO EXCELLENCE,Commitment,Y
2014,EA,0368200,9920,CTE,2bdea6a0-794b-4f88-b21c-7c453978fb9d,1,COMMITMENT TO EXCELLENCE,CTE,Y
2014,EA,0368451,0703,WVR,a7b6d442-6bb1-4d10-88c5-c277aa999c47,1,PRIOR YEAR FEES-WVR,PRI YR F-WVR,Y
2014,EA,0368451,0787,WVR,009a0725-fea1-4a4c-8879-1a0fd5e30be9,1,TECHNOLOGY FEE WAIVER,TECH FEE WVR,Y
2014,EA,0368451,0796,WVR,7233d502-f918-4cda-8c93-c5fb3110aaf5,1,STUDENT ACTIVITY FEE WAIVER,STU ACT WVR,Y
2014,EA,0368451,0887,WVR,7088567f-b6cd-4ebe-bd39-5ba4f81b6147,1,TECHNOLOGY FEE WAIVER,TECH FEE WVR,Y
2014,EA,0368451,0896,WVR,abf5f728-f52b-4a21-a6df-bb9a56a24c55,1,STUDENT ACTIVITY FEE WAIVER,STU ACT WVR,Y
2014,EA,0368451,0987,WVR,1bfc8da1-504f-4cb2-8009-0046173a331a,1,TECHNOLOGY FEE WAIVER,TECH FEE WVR,Y
2014,EA,0368451,0996,WVR,a45da091-7b29-40a5-a536-61a21be74b23,1,STUDENT ACTIVITY FEE WAIVER,STU ACT WVR,Y
2014,EA,0368451,1087,WVR,0561bb9b-8392-48e2-bad6-10486a684565,1,TECHNOLOGY FEE WAIVER,TECH FEE WVR,Y
2014,EA,0368451,1096,WVR,7c50f900-138e-462f-bb6c-ccfaa4f44d56,1,STUDENT ACTIVITY FEE WAIVER,STU ACT WVR,Y
2014,EA,0368500,5199,000,974d77a2-a5fa-4c75-b3a7-48f61dd39384,1,TRANSFERS OF FUNDS,TRANSFERS OF,Y
2014,EA,0368500,9900,000,62f93a05-8426-4f4d-a29e-83b337313e4d,1,TRANSFERS OF FUNDS,TRANSFERS OF,Y
2014,EA,0368700,2000,CTE,66ebe676-dafd-445b-8f59-703be95e3eb8,1,CTE,CTE,Y
2014,EA,0368720,2000,CTE,aa137307-7dd0-4eee-92fb-0043d3e14a53,1,COMMITMENT TO EXCELLENCE,CTE,Y
2014,EA,0368900,2000,CTE,b19fd365-6d05-4bbb-8979-b5fb98625843,1,COMMITMENT TO EXCELLENCE,COMMITMENT,Y
2014,EA,0369303,5199,000,d5784b7e-74bf-4035-a880-57b87652c613,1,TRANSFERS OF FUNDS,TRANSFERS OF,Y
2014,EA,0369303,9900,000,5c5b9917-3357-4d75-b271-e68919e64169,1,TRANSFERS OF FUNDS,TRANSFERS OF,Y
2014,EA,0369306,2502,MAR,2501e32b-80b2-425d-bd3b-89e1417acb94,1,MARCUM,MARCUM,Y
2014,EA,0369308,2502,WAL,f36ba323-ddc9-40b4-b92d-34e0e15ea35b,1,WALKER,WALKER,Y
2014,EA,0369400,4084,ARE,caf9f7b6-13d9-47ee-9c4b-568a676b2e01,1,AREA 9 T-1,ARE,Y
2014,EA,0369400,4084,CON,3fd0f0e8-6a00-49e0-9aab-b66d106dd8f2,1,CONNERSVILLE T-1,CON,Y
2014,EA,0369400,4084,NEW,a7277c4a-87de-457d-aa30-34ac231959a3,1,NEW CASTLE - T-1,NEW,Y
2014,EA,0369400,9940,LCF,7af9f1e0-0cce-4a1d-bd1f-f8fa8d5e790b,1,LIFE CYCLE FUNDING,LIFECYCLE,Y
2014,EA,0369400,9977,TSC,701b1a94-1a8a-4f94-b246-8ca9466a7373,1,TECH SUPPORT CLASSROOM TEACHING,TSC,Y
2014,EA,0369405,9940,LCF,796de330-368f-4970-a6d9-87d69ebaf9a4,1,LIFE CYCLE FUNDING,LIFECYCLE,Y
2014,EA,2366556,1635,BUR,88746fbc-b187-4150-8c37-12cb20f3beb5,1,BURSAR,burs,Y
2014,EA,2367519,5199,000,241e0cfe-64a2-408b-9fb7-c453368dcdb7,1,TANSFER OF SUPPORT,TRANSFER SUP,Y
2014,EA,2367519,9900,000,6f8ee34a-c720-4462-ac9e-db9c0a20c757,1,TANSFER OF SUPPORT,TRANSFER SUP,Y
2014,EA,2367520,0703,WVR,99c4aa38-983b-40be-a629-806b4a5eafe8,1,PRIOR YEAR FEES-WVR,PRI YR F-WVR,Y
2014,EA,2367520,0796,WVR,e2ab1536-28c0-4cb0-bfeb-000eb2a76d11,1,STUDENT ACTIVITY FEE WAIVER,STU ACT WVR,Y
2014,EA,2367520,0896,WVR,8ebc3bc6-5009-4a71-9ad9-d0dcb57fc026,1,STUDENT ACTIVITY FEE WAIVER,STU ACT WVR,Y
2014,EA,2367520,0996,WVR,1ed6f4d5-2cdc-44df-9e1f-cee482633b3a,1,STUDENT ACTIVITY FEE WAIVER,STU ACT WVR,Y
2014,EA,2367520,1096,WVR,262ed90c-4b20-4890-8923-587eb103036d,1,STUDENT ACTIVITY FEE WAIVER,STU ACT WVR,Y
2014,EA,2367520,5199,000,0d856901-3739-46d8-8cdd-dc731b5a352a,1,ACT FEE TRANSFER,ACT FEE TRAN,Y
2014,EA,2367520,7900,000,e039f944-c49d-490e-b31f-7295d8baa6e2,1,UNALLOCATED,UNALLOCATED,Y
2014,EA,2367520,8160,07,85f4f703-833d-45eb-b95d-e847a816b71d,1,SUM I BURSAR AR,SUM I AR,Y
2014,EA,2367520,8160,08,02ec872d-1956-4d3e-abe4-feb375866aed,1,FALL BURSAR AR,FALL AR,Y
2014,EA,2367520,8160,09,ff429423-469f-4b1f-9ad3-bc83f721ce90,1,SPRING BURSAR AR,SPRING AR,Y
2014,EA,2367520,8160,10,a41702cc-cd34-4d6a-9943-86514d201c8a,1,SUM II BURSAR AR,SUM II AR,Y
2014,EA,2367520,9465,07,bfdaea63-e2d0-47d5-94e5-0e305812cece,1,SUM I DEF REV,SUM I DF RV,Y
2014,EA,2367520,9465,08,a31bf725-8064-4f17-98cd-2cad76621eea,1,FALL DEF REV,FALL DF RV,Y
2014,EA,2367520,9465,09,4cc098d0-d1e4-490b-9c5d-24223762373f,1,SPRING DEF REV,SPRING DF RV,Y
2014,EA,2367520,9465,10,c258cb37-6a76-4275-be89-a8f0ab317f48,1,SUM II DEF REV,SUM II DF RV,Y
2014,EA,2367520,9900,000,a3ca7dd7-2e61-4ce1-a437-c98200f62572,1,ACT FEE TRANSFER,ACT FEE TRAN,Y
2014,EA,2868101,9915,PRS,89f6c44a-81b9-4191-ae81-1ed4b47a75be,1,FEMP PRES. MATCH,FEMPPRESMTCH,Y
2014,EA,2868101,9915,SCH,54d0e4a7-3851-4774-ab1f-c26710198aa5,1,FEMP CAMPUS MATCH,FEMPCMPSMTCH,Y
2014,EA,6067000,8300,INV,3b5a03a2-96e0-467b-b6d1-1cffb635091a,1,IU INV NOT PURCH,Inv Not Purc,Y
2014,EA,6067100,1464,WVR,15b0156c-7e91-4f5a-a5a2-2ba3399b6599,1,PARKING PERMIT FEE WAIVER,PARK FEE WVR,Y
2014,EA,6067100,5199,071,f8ff4b07-6b3a-477c-a554-551d19e3018e,1,INT DEBT SERV,INT DEBT SER,Y
2014,EA,6067100,9900,071,763050f1-2b50-498c-baa2-bbf8c65bbced,1,INT DEBT SERV,INT DEBT SER,Y
2014,EA,6669400,1500,CPY,ee22e297-f65c-4e96-aae9-0b188bcaf7d0,1,COPY MACHINE SALES,Copy,Y
2014,EA,6669400,1500,PRT,37b6f081-ac5c-4ed7-b472-b84380866a93,1,PRINTER SALES,Print,Y
2014,EA,6669400,4115,STF,c5e9807b-fe7f-4422-865f-423c067d5af8,1,STAFF,Staff,Y
2014,EA,6669400,4115,STU,fee8bbd0-bd0c-4e92-b3d9-d107742f485f,1,STUDENT,Student,Y
2014,EA,6669400,5215,STF,f1066ea8-9f25-4ccb-9bc3-6a4c771d5d75,1,STAFF,Staff,Y
2014,EA,6669400,5215,STU,37cd8087-2840-43fb-a77a-03080e78c7cc,1,STUDENT,Student,Y
2014,EA,6868451,0703,WVR,40cfc4da-d5a1-48c1-acad-4963dab77884,1,PRIOR YEAR FEES-WVR,PRI YR F-WVR,Y
2014,EA,6868451,0787,WVR,a1d4c7d9-4a4b-40a6-8c10-c134f1df0f4d,1,TECHNOLOGY FEE WAIVER,TECH FEE WVR,Y
2015,EA,6868451,0887,WVR,caa333b7-9319-4dae-800a-86886a281864,1,TECHNOLOGY FEE WAIVER,TECH FEE WVR,Y
2015,EA,6868451,0987,WVR,92a89756-5cae-4fd4-8f6d-c97b18020441,1,TECHNOLOGY FEE WAIVER,TECH FEE WVR,Y
2015,EA,9067011,7303,ASV,b4614132-ab3a-40e0-b5c5-491916b48472,1,ADDITIONAL SERVICES,add't svcs,Y
2015,EA,9067011,7303,FEE,3b2e627a-e90d-48d9-b510-fd71bdf13c91,1,ARCHITECT FEES,archt,Y
2015,EA,9067011,7303,REM,06e2ff34-10e9-49f0-bf26-233c50ae17a6,1,REIMBURSABLES,reimb,Y
2015,EA,9067017,4520,ASV,08ee67cb-254f-47dc-a758-9bbe8860cac0,1,ADDITIONAL SERVICES,add't svcs,Y
2015,EA,9067017,4520,REM,cd3edb77-f400-431b-9673-5dffba3a3b65,1,REIMBURSABLES,reimb,Y
2015,EA,9067017,7301,ASV,239593b8-71e1-41f8-82ef-d7886a6e8b1d,1,ADDITIONAL SERVICES,add't svcs,Y
2015,EA,9067018,7301,ASV,c05b49f4-6fb4-414e-8423-dc3da1fb0d09,1,ADDITIONAL SERVICES,Add't Srvcs,Y
2015,EA,9067018,7301,FEE,d3f8d1ba-ddfd-4697-8fa1-0aead2f020dd,1,ARCHITECTURAL,Arch fees,Y
2015,EA,9067018,7301,REM,33a146b1-5c4c-4547-821a-5e0ae660c874,1,REIMBURSABLES,Reimb,Y
2015,EA,9067019,7301,ASV,878e8f75-602d-4e84-8e5a-586e8dfa063f,1,ADDITIONAL SERVICES,Add't svcs,Y
2015,EA,9067019,7301,FEE,c53a2dc7-be34-4598-82e5-b7c8ebede589,1,ARCHITECTURUAL,arch fees,Y
2015,EA,9067019,7301,REM,2e1bcebf-2bd2-4c13-8567-1458da2daeec,1,REIMBURSABLES,reimb,Y
2015,EA,9067019,7468,ASV,f6de336e-214f-423e-93e0-8c997e3e1858,1,ADDITIONAL SERVICE,Add't Svcs,Y
2015,EA,9067019,7468,FEE,3ee13bb7-c76b-4fac-ad77-adf2160a9ca7,1,ARCHITECTURAL,Arch Fees,Y
2015,EA,9067019,7468,REM,2fc63749-3e6e-432d-97f1-d7dca145782e,1,REIMBURSABLES,Reimb,Y
2015,EA,9269401,9940,LCF,44512f7e-6de4-46dd-b642-4e4cfcb3a253,1,LIFE CYCLE FUNDING,LIFECYCLE,Y
2015,EA,9769390,7900,000,4aabcce9-6c8c-49be-a533-c78b3cc1cfb2,1,UNALLOCATED,UNALLOCATED,Y
2015,BL,1031400,3000,WIN,ea3a10b7-575d-453b-8f30-fc9a4248dc01,1,Instructional Support Wages,Instruct.,Y
2015,BL,1031400,3000,WMO,487401db-4299-4ba5-bc00-9b62a7c6d1dc,1,Main Office Wages,Main Office,Y
2015,BL,1031400,3000,WTS,2c75f403-f091-42c2-b8ad-de8bb580228b,1,Tech Support Wages,Tech Support,Y
2015,BL,1031400,5000,SAC,5585034a-3205-4b8a-96b5-4c9c4b7e0093,1,Animal Care Supplies,Animal Care,Y
2015,BL,1031400,5000,SAO,6d5ae9c8-c46c-46a1-9edd-55ef3dabf571,1,Advising Office Supplies,Advising Off,Y
2015,BL,1031400,5000,SAS,f0f81f25-301d-4774-96b5-73d74a19d90c,1,Academic Services Office,Academic Ser,Y
2015,BL,1031400,5000,SBO,b52767f7-8e68-413b-8479-2dbf676874c2,1,Business Office Supplies,Buss Office,Y
2015,BL,1031400,5000,SBS,d50a8804-ac1b-47f1-a76a-c0dd5d9f3bc9,1,Building Services Supplies,Bldg Service,Y
2015,BL,1031400,5000,SCB,06ffd7d9-6a39-48fb-a6ab-0f15bd6ce3e1,1,Supplies Cabinet,Supply Cab,Y
2015,BL,1031400,5000,SCL,b1a6cac9-8c03-44e4-8b4b-a02cd861e0e7,1,Cause Library Supplies,CAUSE Supply,Y
2015,BL,1031400,5000,SCO,58c3a4a6-96ef-449b-8401-c2410d303ff6,1,Chair's Office Supplies,Chair Office,Y
2015,BL,1031400,5000,SCQ,87d8331b-262c-4f73-87c9-a8fc779634d1,1,Colloquium Supplies,Colloquium,Y
2015,BL,1031400,5000,SCS,e86c2dd7-baf7-47b2-bb00-4e524256f41b,1,Clinical Sciences Supplies,Clinic,Y
2015,BL,1031400,5000,SFC,57a0cc9a-ee06-40bb-9a68-f8177bcba57d,1,Faculty Supplies,Faculty,Y
2015,BL,1031400,5000,SFR,a0088e6f-d0aa-4422-badd-2bcb310d35c9,1,Faculty Recruitment,Faculty Recr,Y
2015,BL,1031400,5000,SGS,34d76582-3dce-469e-ba9f-68a85a486b7e,1,Grant Support Supplies,Gnt Support,Y
2015,BL,1031400,5000,SLB,2d72744f-61e3-4bb3-93b5-eadd182c55a9,1,Labs Supplies,Labs Supply,Y
2015,BL,1031400,5000,SLN,2c29c107-a8e2-4ec1-9b88-f744e3ecd4f9,1,LAN Supplies,LAN,Y
2015,BL,1031400,5000,SRF,e09a44c0-5c3b-4ece-b419-bc5e0f51fbc9,1,Retired Faculty Supplies,Retired Fac,Y
2015,BL,1031400,5000,SSC,f3630a9b-60b8-4611-8a79-5773dcd749c9,1,Secretarial Supplies,Secreterial,Y
2015,BL,1031400,5000,SSR,c306f1d4-7b06-4cda-8297-7f43b8e15569,1,Student Recruitment,GS Recruit,Y
2015,BL,1031400,5000,SSS,0e965569-98ed-4e14-9681-571dd8ff488b,1,Social Student Supplies,Social GS,Y
2015,BL,1031400,5000,STS,1c6abb10-49ec-4c1f-a29f-8969cb329948,1,Tech Support Supplies,Tech Support,Y
2015,EA,0308160,8160,07,ebb3d06f-ca53-47d4-b48d-93274120b8ce,1,SUM I BURSAR AR,SUM I AR,Y
2015,EA,0308160,8160,08,761cd633-c0b8-4751-a26e-d8a6dc9d33b7,1,FALL BURSAR AR,FALL AR,Y
2015,EA,0308160,8160,09,3fb1e22d-84c3-49d4-b825-9fecdbbfaf56,1,SPRING BURSAR AR,SPRING AR,Y
2015,EA,0308160,8160,10,30b389bb-204a-4058-9368-f5c049bdc936,1,SUM II BURSAR AR,SUM II AR,Y
2015,EA,0308460,8460,07,58c12d1c-5618-414b-813e-a48f701a42f2,1,SUMMER 1 PREPAID,SUM 1 PPD,Y
2015,EA,0308460,8460,10,f5af84c9-bf32-4788-bd3d-b5a2e2a794c0,1,SUMMER 2 PREPAID,SUM 2 PPD,Y
2015,EA,0309060,9060,07,3d488184-5189-416d-a1f4-1dc5f906ed6a,1,SUM I DEF REV,SUM I DF RV,Y
2015,EA,0309060,9060,10,094398b4-8efb-46da-8853-ec84c858d3ea,1,SUM II DEF REV,SUM II DF RV,Y
2015,EA,0309060,9080,UNA,bf20f850-ed8d-42b7-96b9-90821cac6ea6,1,UNAPPLIED PAYMENTS,UNAPPLIED,Y
2015,EA,0309465,9465,07,fd80cecd-997f-4bf1-b662-2bc12f8898f6,1,SUM II DEF REV,SUM II DF RV,Y
2015,EA,0309465,9465,08,52e6806d-342f-4531-b280-96d62de49ac4,1,FALL DEF REV,FALL DF RV,Y
2015,EA,0309465,9465,09,5a13b45a-1208-4e37-84d4-60cdf8918d8b,1,SPRING DEF REV,SPRING DF RV,Y
2015,EA,0309465,9465,10,a889f276-f96a-4819-89d8-ae5296affdab,1,SUM II DEF REV,SUM II DF RV,Y
2015,EA,0366500,4008,041,5fd683a4-51a2-43ca-a760-561d9adddf1e,1,Special Events Alloc,Spec Events,Y
2015,EA,0366500,9977,041,4a2a1a25-0d6d-405d-9ce4-8778c8498204,1,Special Events Alloc,Spec Events,Y
2015,EA,0366513,7900,020,f52eef82-7e4c-4558-b6fc-ac1a1232eac1,1,CAMPUS CONTINGEN,CAMPUS CONTI,Y
2015,EA,0366513,7900,040,23fc7a23-d9f0-4b9c-a849-c4982e2d6e0d,1,COMP SERV ALLOC,COMP SERV AL,Y
2015,EA,0366513,7900,046,4a5bcd82-a2bc-40db-bcb2-a145bba370ad,1,RECLASS RESERVE,RECLASS RESE,Y
2015,EA,0366513,7900,047,915c580d-964b-4066-8c4a-0602d6400a2b,1,LIBRARY AQUIT ALLO,LIBRARY AQUI,Y
2015,EA,0366513,7900,048,c3f7cd1b-4f55-4235-81b0-c8f74ee35999,1,ENROLL INIT ALLOC,ENROLL INIT,Y
2015,EA,0366513,7900,049,b89f94cb-5a12-4bbe-8c0f-9627cd2226f7,1,RETIREMENT PAY ALL,RETIREMENT P,Y
2015,EA,0366513,7900,050,83fa825f-c47e-4506-a8a9-aa100361901d,1,FUND BAL ADDITION,FUND BAL ADD,Y
2015,EA,0366513,7900,051,6550216b-f008-4d47-8ae3-c83a8e3a99f2,1,STRATEGIC DIRECTIONS ALLOC,STR DIR ALLO,Y
2015,EA,0366513,7900,052,9cfa8897-8614-4774-a21c-042aa6a59bcd,1,FAC TEACH FOR EXCELLENCE,FAC EXCEL-TE,Y
2015,EA,0366513,7900,053,0a833be0-d0e8-4723-a2e2-6a90a9f2648a,1,Quality Improvement Projects,Quality Impr,Y
2015,EA,0366513,7900,BCP,e0c4d317-6cfd-439e-95c1-e13a0001eacb,1,BUDGET CONTINGENCY PLAN,B C Plan,Y
2015,EA,0366513,7900,RET,7889713a-7a1a-4389-867a-81fe9c404e9c,1,1% RETENTION INITIATIVE,RETENTION,Y
2015,EA,0366513,7900,UTX,8d2bd5b8-548d-4b15-8fa9-e067cfbf9aae,1,CONTINGENCY SAVINGS - UNIV TAX,Univ Tax Sav,Y
2015,EA,0366520,4008,COL,f6af11ef-18bc-4464-adef-ca0f9b226dab,1,COLOR COPIER OFFICE SERVICES,color copier,Y
2015,EA,0366520,4008,FOC,3ad11b8e-2dad-4d75-a2fc-6c47c106ef2f,1,Focus on Arts funding,Focus Art,Y
2015,EA,0366520,4008,GRA,a164173c-a18a-42a9-b23c-5975b5f64c85,1,GRAF ENDOWED FACULTY,GRAF,Y
2015,EA,0366520,4008,MLR,2e8ff139-bd32-40b5-b66a-b28f302aecab,1,Mailroom Allocation,Mailroom,Y
2015,EA,0366520,4008,WCT,385bb309-0a9e-4e20-8aa9-4e70c032255f,1,WCTV support funds,WCTV,Y
2015,EA,0366520,4078,PRO,a4ebb771-f45f-4854-aa46-5f3dfd10ff28,1,Professional Council Funds,Prof Counc,Y
2015,EA,0366520,4078,STF,68f67cf5-8df2-4d14-9b11-e1422903e5e0,1,Staff Council Funds,Staff Counc,Y
2015,EA,0366520,7900,000,19e83b2b-736e-491b-a368-3142f8637401,1,NEW BLDG START ALL,NEW BLDG STA,Y
2015,EA,0366520,9977,COL,f42bce19-f4f6-4570-a2a5-c3f5243150a7,1,COLOR COPIER OFFICE SERVICES,color copier,Y
2015,EA,0366520,9977,FOC,1e0f9fcc-59ab-4be0-8b9a-dc3421c4b81c,1,Focus on Arts funding,Focus Art,Y
2015,EA,0366520,9977,GRA,3ca1ccfd-5aa2-46af-8c18-17bda83f61cd,1,GRAF ENDOWED FACULTY,GRAF,Y
2015,EA,0366520,9977,MLR,234f8fbc-5663-48ed-b12f-16f49a31d9b5,1,Mailroom Allocation,Mailroom,Y
2015,EA,0366520,9977,WCT,5143c8f3-e190-4f4a-be61-d84829d36e4e,1,WCTV support funds,WCTV,Y
2015,EA,0366530,1110,TEC,e10da7d2-8f50-469d-b8c4-7c7d6b27d532,1,TECH FUNDING,tech fund,Y
2015,EA,0366530,1110,UNI,570b3065-1344-4062-bb09-716e402e61b6,1,UNIVERSITY INITIATIVES,univ init,Y
2015,EA,0366530,4008,ERF,34e6d046-b7d9-42b8-8481-8f48db018602,1,Early Retirement Funding Res,Erly Ret Fnd,Y
2015,EA,0366530,4008,FCT,17d88873-fef5-47a5-87c6-84a5101a28c1,1,FACULTY COLLOQ ON EXCELLANCE IN TEACHING,FACET,Y
2015,EA,0366530,4008,SLC,fa8f4083-c75f-4978-97ac-cccb034d2fe1,1,STUDENT LOAN COLLECTIONS,Collections,Y
2015,EA,0366530,4008,TEC,2f91f57e-6510-4465-8f49-7fa037f1fd62,1,BASE TECH FUND,tech fund,Y
2015,EA,0366530,4008,UNI,479bb10d-5fb7-4720-8a8c-1d953119daba,1,UNIVERSITY INITIATIVES,UNIV INIT,Y
2015,EA,0366530,9956,DFC,a1719b7c-330b-4ff5-a508-75f92e3276c1,1,DEPENDENT FEE COURTESY,Fee courtesy,Y
2015,EA,0366530,9956,DFS,c129aff9-d908-4de0-9751-474dc02eec5c,1,DEPENDENT FEE COURTESY,Fee courtesy,Y
2015,EA,0366530,9977,ERF,14e940ec-1af3-4630-b8de-ca19284dec76,1,Early Retirement Funding Res,Erly Ret Fnd,Y
2015,EA,0366530,9977,FCT,1fb4b1a1-d65d-44cf-a3a2-e8bf557edec4,1,FACULTY COLLOQ ON EXCELLANCE IN TEACHING,FACET,Y
2015,EA,0366530,9977,SLC,40d72c0f-5815-4556-9b77-54866d4bebb7,1,STUDENT LOAN COLLECTIONS,Collections,Y
2015,EA,0366530,9977,TEC,a99a00d0-751f-45d4-9160-1b8229f53d40,1,BASE TECH FUND,tech fund,Y
2015,EA,0366530,9977,UNI,1451f2cc-ead5-46c9-a520-1438d2d4a3d9,1,UNIVERSITY INITIATIVES,UNIV INIT,Y
2015,EA,0366550,9970,UAC,ef5defdb-6731-4724-8c12-66e819114e9e,1,EQUIP REPLACE FUNDING UA COMPONENT,EQREP UA,Y
2015,EA,0366571,4008,MSA,e451fc5b-1dbb-477c-9b90-43d65417407e,1,MICROSOFT AGREEMENT,MICROSOFT,Y
2015,EA,0366571,9977,MSA,65bd6cdd-158a-435d-b04d-d730946ce8fc,1,MICROSOFT AGREEMENT,MICROSOFT,Y
2015,EA,0366586,1110,TEC,40dd7ebb-db3b-450c-a8b1-45e337a7b75c,1,STATE APPROP TECHNOLOGY,TECHNOLOGY,Y
2015,EA,0366586,1110,UNI,c3eb65e8-01e4-4677-8c67-265c642e04aa,1,STATE APPROP UNIVERSITY INITIATIVES,UNIV INITVE,Y
2015,EA,0366600,4008,040,12070aa2-09dc-4337-926e-e68ef7000d81,1,Alumni alloc,alumni,Y
2015,EA,0366600,4008,041,67b40d58-d518-4d15-836b-503bb976307e,1,Special Events Allocation,Spec Events,Y
2015,EA,0366600,4008,042,6726f46e-89e4-415b-a34f-bebc1ea6df9e,1,Lively Arts Alloc,Lively Arts,Y
2015,EA,0366600,4008,043,b6a5e469-79a2-4917-b789-9584cec95b58,1,Gallery Allocation,Gallery,Y
2015,EA,0366600,4008,ALU,e1cc56f2-6979-48f7-b9e4-054b5f490524,1,ALUMNI RELATIONS,Alum,Y
2015,EA,0366600,7900,040,e7c456a3-44a6-4bcd-be74-9b984cfb3b27,1,ALUM ASSN ALLOT,ALUM ASSN AL,Y
2015,EA,0366600,7900,041,e1122f77-84d9-4adb-8729-53409cea2183,1,SPEC EVENT ALLOT,SPEC EVENT A,Y
2015,EA,0366600,7900,042,5e0162bb-a997-4cea-80f7-8f8ce2aed08a,1,LIVELY ARTS ALLOT,LIVELY ARTS,Y
2015,EA,0366600,7900,043,4d8e2e0c-fc12-4349-bdc5-efd0c7e0e91e,1,FUND RAISING ALL,FUND RAISING,Y
2015,EA,0366600,9977,040,a2f093a6-f56d-47ad-a2a9-a010930808a6,1,Alumni alloc,alumni,Y
2015,EA,0366600,9977,041,9ec9f580-0324-42ab-9eae-a9de8613e3a9,1,Special Events Allocation,Spec Events,Y
2015,EA,0366600,9977,042,a48a9c01-6a49-4d67-b905-d664275ee418,1,Lively Arts Alloc,Lively Arts,Y
2015,EA,0366600,9977,043,0232193b-aae0-4d01-bba1-8facfc9bf8fe,1,Gallery Allocation,Gallery,Y
2015,EA,0366600,9977,ALU,aa1384ea-5b67-4db3-9e86-787a16ebec8a,1,ALUMNI RELATIONS,Alum,Y
2015,EA,0367200,9977,ONB,23dbf1cc-ee73-407b-9e95-303e24be7041,1,ONBASE BUDGET ALLOCATION,ONB,Y
2015,EA,0367235,9977,HMS,c842b942-da78-4607-a7f1-fcee9f8162af,1,HRMS BUDGET ALLOCATION,HRMS,Y
2015,EA,0367287,0110,SDC,1e94030f-6651-4522-9d33-b444688c2c8c,1,SDC TUITION RESERVE,SDC TUIT RES,Y
2015,EA,0367287,0703,WVR,65ca0fd7-a9d8-4e68-8880-1c231034897b,1,PRIOR YEAR FEES-WVR,PRI YR F-WVR,Y
2015,EA,0367287,0790,WVR,237dafb2-4df0-4aed-b61b-a78780dcb5bd,1,LATE REGISTRATION FEE WAIVER,LATE REG WVR,Y
2015,EA,0367287,0791,WVR,cc131738-ea46-4092-9d97-ff2ff0ef203c,1,SUM2 NON CR HR FEE DEFERRED-WVR,S2NCR DF-WVR,Y
2015,EA,0367287,0890,WVR,38d680a4-4840-4421-953f-4b4f630af5a9,1,LATE REGISTRATION FEE WAIVER,LATE REG WVR,Y
2015,EA,0367287,0891,WVR,e927b5d5-4275-499c-9823-ea9f4377e2a9,1,FALL NON CR HR FEE DEFERRED-WVR,FLNCR DF-WVR,Y
2015,EA,0367287,0990,WVR,2f9eb9e8-a1c8-440e-9adb-941423f47390,1,LATE REGISTRATION FEE WAIVER,LATE REG WVR,Y
2015,EA,0367287,0991,WVR,b67aec9f-450e-4eec-84a3-33143b3c994b,1,SPRG NON CR HR FEE DEFERRED-WVR,SPNCR DF-WVR,Y
2015,EA,0367287,1090,WVR,d70437e5-acb8-4f75-84c7-3277e394c3f9,1,LATE REGISTRATION FEE WAIVER,LATE REG WVR,Y
2015,EA,0367287,1091,WVR,004a2e7d-dcf9-46c3-85dc-1fa0e6afbd97,1,SUM1 NON CR HR FEE DEFERRED-WVR,S1NCR DF-WVR,Y
2015,EA,0367287,1800,WVR,917062ca-399b-476c-9d7f-ff0aaf184fe9,1,OTHER INCOME-WAIVER,OTHR INC-WVR,Y
2015,EA,0367310,7900,000,b26b9693-0bbc-43ea-82a4-0195963456dc,1,WEEKEND COVER ALLOC,WKEND COVER,Y
2015,EA,0367318,7000,NRE,6e14cf35-ffe4-4e65-8aed-73c77909e8cc,1,NONRECURRING EQUIPMENT,NONRECURRING,Y
2015,EA,0367525,2502,WRI,d3849781-f9c7-4e4d-9123-768fbfc2c966,1,WRIGHT,WRIGHT,Y
2015,EA,0367587,0110,SCH,b5a4603e-a1a2-40b4-be8d-eab31daf37a6,1,SCHOLAR CDV RESERVE,CDV SCHOL RE,Y
2015,EA,0367720,5810,WVR,e8cac113-c613-4f37-8cf8-6371baf193e3,1,GRAD STUD FEE WVR,GRAD FEE WVR,Y
2015,EA,0368000,2200,CTE,853295d0-80e4-417f-b4b7-afb4e4992491,1,COMMITMENT TO EXCELLENCE,COMMITMENT,Y
2015,EA,0368000,7900,000,4a722a3a-7815-4dc0-a801-23b61da440d3,1,UNALLOCATED,UNALLOCATED,Y
2015,EA,0368000,7900,040,9651fb6a-2187-4c89-b3ee-a896f11ba142,1,ALLOC ECON ED CN,ALLOC ECON E,Y
2015,EA,0368000,7900,CTE,d80c16de-ef63-4d07-b9fb-3554706e0d69,1,COMMITMENT TO EXCELLENCE,COMMITMENT,Y
2015,EA,0368000,9977,CHP,60cdea8b-aad0-4bef-bcf7-868ef86428cc,1,CHP E219 BUDGET ALLOCATION,CHP,Y
2015,EA,0368000,9977,EEC,7ba9244e-c5fd-49a9-88d5-35911344d74d,1,EEC BUDGET ALLOCATION,EEC,Y
2015,EA,0368000,9977,GRF,a630b227-ad02-494c-8f84-41e333c6d6a5,1,GRAF E219 BUDGET ALLOCATION,GRF,Y
2015,EA,0368010,2000,CTE,55f8d397-fc1e-4a01-9c69-1c588cca8789,1,COMMITMENT TO EXCELLENCE,COMMITMENT,Y
2015,EA,0368014,4008,LAB,7e036990-13c2-4167-84d1-8b4c144d8978,1,COMPUTER LAB,COMP LAB,Y
2015,EA,0368014,4008,MSA,cf8d42b2-1b59-4cc6-84c1-6397b8fe9ff2,1,MICROSOFT AGREEMENT,MICROSOFT,Y
2015,EA,0368014,7900,000,d7e4d132-6b72-4a36-b607-c2e95f343e11,1,STU NETWORK ALLOC,STU NETWORK,Y
2015,EA,0368014,9977,LAB,456993eb-0900-4b23-bdd3-cd6df3a7148e,1,COMPUTER LAB,COMP LAB,Y
2015,EA,0368014,9977,MSA,95caf90c-1cc6-4c08-9850-9e3ddaacdbd1,1,MICROSOFT AGREEMENT,MICROSOFT,Y
2015,EA,0368016,3000,CTE,a5b98de7-664e-4c85-ad38-c1cb4b83f3ec,1,COMMITMENT TO EXCELLENCE,COMMITMENT,Y
2015,EA,0368016,3500,CTE,47b318fd-a803-4f22-a120-b85719559899,1,COMMITMENT TO EXCELLENCE,COMMITMENT,Y
2015,EA,0368020,2000,CTE,99ce81b9-70ce-44fd-a286-556093f2bf69,1,COMMITMENT TO EXCELLENCE,CTE,Y
2015,EA,0368020,2500,CTE,5b7c1719-2207-4c3a-b274-4652dd647d17,1,COMMITMENT TO EXCELLENCE,CTE,Y
2015,EA,0368025,5199,000,34bb5cbf-a175-42d3-aa49-dc07d388a78d,1,TRANSFERS OF FUNDS,TRANSFERS OF,Y
2015,EA,0368025,9900,000,516efcfa-340d-4fe4-b878-71ed02e7cb00,1,TRANSFERS OF FUNDS,TRANSFERS OF,Y
2015,EA,0368030,3500,CTE,6496148b-3be1-49fd-ae3c-951e724a6c98,1,COMMITMENT TO EXCELLENCE,CTE,Y
2015,EA,0368035,2000,CTE,4654d932-5657-42bb-a30d-049b165fef02,1,COMMITMENT,CTE,Y
2015,EA,0368035,2400,CTE,47444681-d6e8-4bc2-9388-aee12e087e6e,1,COMMITMENT,CTE,Y
2015,EA,0368040,2000,ADM,6afd3bbc-cea1-428a-894e-f5ac0ccf1dc3,1,ADMINISTRATIVE SUPPORT,Admin Suppor,Y
2015,EA,0368100,2000,CTE,58c6a487-383e-405f-a2f9-c4507bf36ec0,1,COMMITMENT TO EXCELLENCE,COMMITMENT,Y
2015,EA,0368187,0110,SDC,13334ec8-1907-48da-90e3-f24b8daedab5,1,SDC TUITION RESERVE,SDC RESERVE,Y
2015,EA,0368187,0703,WVR,429ff6ac-88ad-49b9-b049-24a30f63ff7f,1,PRIOR YEAR FEES-WVR,PRI YR F-WVR,Y
2015,EA,0368187,0787,WVR,8c7117d2-9ad9-40e2-ad47-150bccb90505,1,TECHNOLOGY FEE WAIVER,TECH FEE WVR,Y
2015,EA,0368187,0887,WVR,9b0b8b2e-d9c8-40ab-a746-5851a0d97cd2,1,TECHNOLOGY FEE WAIVER,TECH FEE WVR,Y
2015,EA,0368187,0987,WVR,e584484f-5ef1-4103-88f3-45af8c19e731,1,TECHNOLOGY FEE WAIVER,TECH FEE WVR,Y
2015,EA,0368187,1087,WVR,85f0cd07-6dce-445b-b8a6-f025733e766d,1,TECHNOLOGY FEE WAIVER,TECH FEE WVR,Y
2015,EA,0368200,2000,CTE,dcca7e71-9f0f-407c-bcf5-a2a3fac598bd,1,COMMITMENT TO EXCELLENCE,Commitment,Y
2015,EA,0368200,2400,CTE,479c7962-1b97-4b43-b15c-f13f3ca02d14,1,COMMITMENT TO EXCELLENCE,Commitment,Y
2015,EA,0368200,9920,CTE,e1ccc236-6f9f-4938-b6b5-de3ada63c450,1,COMMITMENT TO EXCELLENCE,CTE,Y
2015,EA,0368451,0703,WVR,b6e16216-8c98-45db-b2b4-1a195da62096,1,PRIOR YEAR FEES-WVR,PRI YR F-WVR,Y
2015,EA,0368451,0787,WVR,4e9d5c66-3923-4e48-af0e-1718397f759e,1,TECHNOLOGY FEE WAIVER,TECH FEE WVR,Y
2015,EA,0368451,0796,WVR,893d6ce0-8bbb-4db2-bfd7-6c50669d90d0,1,STUDENT ACTIVITY FEE WAIVER,STU ACT WVR,Y
2015,EA,0368451,0887,WVR,b32fe309-0c4b-453f-96f0-f13ec6de7294,1,TECHNOLOGY FEE WAIVER,TECH FEE WVR,Y
2015,EA,0368451,0896,WVR,51b91981-0805-4b97-8707-45c7b9dbfe85,1,STUDENT ACTIVITY FEE WAIVER,STU ACT WVR,Y
2015,EA,0368451,0987,WVR,583db3ba-f87b-4c12-a997-8ac787d8e593,1,TECHNOLOGY FEE WAIVER,TECH FEE WVR,Y
2015,EA,0368451,0996,WVR,69705670-9889-46c5-85f7-ee5b3d1c4239,1,STUDENT ACTIVITY FEE WAIVER,STU ACT WVR,Y
2015,EA,0368451,1087,WVR,8963a769-c4d8-47a5-bb36-707d001fbbbb,1,TECHNOLOGY FEE WAIVER,TECH FEE WVR,Y
2015,EA,0368451,1096,WVR,7e2e1230-643a-4925-bf0c-9ceac416b0c7,1,STUDENT ACTIVITY FEE WAIVER,STU ACT WVR,Y
2015,EA,0368500,5199,000,b6bdbbb5-6d8f-463c-a1ae-751d090d58aa,1,TRANSFERS OF FUNDS,TRANSFERS OF,Y
2015,EA,0368500,9900,000,b175c296-a1ae-43dc-82f4-3b11bc090ce6,1,TRANSFERS OF FUNDS,TRANSFERS OF,Y
2015,EA,0368700,2000,CTE,3f268943-b3ca-4950-b92c-864c1908b0ea,1,CTE,CTE,Y
2015,EA,0368720,2000,CTE,2355c033-a51e-4275-8cb2-d06724f0b3db,1,COMMITMENT TO EXCELLENCE,CTE,Y
2015,EA,0368900,2000,CTE,9cb0f811-e975-48bb-92e5-ac8807f90681,1,COMMITMENT TO EXCELLENCE,COMMITMENT,Y
2015,EA,0369303,5199,000,ab028f27-cd98-4389-9ffb-bd78884eee9e,1,TRANSFERS OF FUNDS,TRANSFERS OF,Y
2015,EA,0369303,9900,000,814467d4-ed5d-46f7-840c-ff813ced4928,1,TRANSFERS OF FUNDS,TRANSFERS OF,Y
2015,EA,0369306,2502,MAR,fc7eccee-d446-46e0-8eb6-0525512685f9,1,MARCUM,MARCUM,Y
2015,EA,0369308,2502,WAL,4e3e01c6-3c37-459d-aa6c-cbfbeacaf335,1,WALKER,WALKER,Y
2015,EA,0369400,4084,ARE,42586cac-333c-49f4-a55a-696b527be991,1,AREA 9 T-1,ARE,Y
2015,EA,0369400,4084,CON,0284b548-da78-4b0c-9197-df99585dced6,1,CONNERSVILLE T-1,CON,Y
2015,EA,0369400,4084,NEW,e7d1e58b-94e7-45c0-b661-44894496a958,1,NEW CASTLE - T-1,NEW,Y
2015,EA,0369400,9940,LCF,0a30ee5d-2a0c-4b5a-aa21-703607974d75,1,LIFE CYCLE FUNDING,LIFECYCLE,Y
2015,EA,0369400,9977,TSC,31f33767-9d26-4c41-95ec-efb9ac545070,1,TECH SUPPORT CLASSROOM TEACHING,TSC,Y
2015,EA,0369405,9940,LCF,84bb97e4-61f9-4129-bd72-b65aa75965cd,1,LIFE CYCLE FUNDING,LIFECYCLE,Y
2015,EA,2366556,1635,BUR,038d1a4c-8140-4345-a2d3-6cf9f3f7f13f,1,BURSAR,burs,Y
2015,EA,2367519,5199,000,189eb95d-cdaa-4dd6-ade7-533de3095652,1,TANSFER OF SUPPORT,TRANSFER SUP,Y
2015,EA,2367519,9900,000,98d736d4-377c-41d7-9603-aab3234c6e12,1,TANSFER OF SUPPORT,TRANSFER SUP,Y
2015,EA,2367520,0703,WVR,c26c332d-93ce-4001-b003-667cca706145,1,PRIOR YEAR FEES-WVR,PRI YR F-WVR,Y
2015,EA,2367520,0796,WVR,03018b66-2399-40be-9f67-040cb90752b2,1,STUDENT ACTIVITY FEE WAIVER,STU ACT WVR,Y
2015,EA,2367520,0896,WVR,abb5686c-3a23-4ced-b32b-acbfc33b789b,1,STUDENT ACTIVITY FEE WAIVER,STU ACT WVR,Y
2015,EA,2367520,0996,WVR,3e83fc71-3c08-44fc-a7a0-ea53b9878244,1,STUDENT ACTIVITY FEE WAIVER,STU ACT WVR,Y
2015,EA,2367520,1096,WVR,80a5b6d7-dbcc-465d-a13c-078905cebc7f,1,STUDENT ACTIVITY FEE WAIVER,STU ACT WVR,Y
2015,EA,2367520,5199,000,7fced15c-3f54-4f6c-8e4c-56804169f9dc,1,ACT FEE TRANSFER,ACT FEE TRAN,Y
2015,EA,2367520,7900,000,583551a5-a121-4d82-b4a4-3eb97ea66a46,1,UNALLOCATED,UNALLOCATED,Y
2015,EA,2367520,8160,07,769ac3fb-4571-480e-800f-25c38c37dcc9,1,SUM I BURSAR AR,SUM I AR,Y
2015,EA,2367520,8160,08,64b3a343-9c4e-434f-8663-aa1df2e7cd69,1,FALL BURSAR AR,FALL AR,Y
2015,EA,2367520,8160,09,0a222908-c2eb-4e38-9ebb-ad429646f8d8,1,SPRING BURSAR AR,SPRING AR,Y
2015,EA,2367520,8160,10,67cb1ab9-c537-48de-b29a-ffd9f6db3f6c,1,SUM II BURSAR AR,SUM II AR,Y
2015,EA,2367520,9465,07,ee8440e4-5e57-4c37-99ea-f9c6e19b7ffa,1,SUM I DEF REV,SUM I DF RV,Y
2015,EA,2367520,9465,08,4321105c-778e-4e0e-a8d2-2fe170c9f7a0,1,FALL DEF REV,FALL DF RV,Y
2015,EA,2367520,9465,09,60a856c1-f0ef-470d-bba8-6a8dae0088dd,1,SPRING DEF REV,SPRING DF RV,Y
2015,EA,2367520,9465,10,6f4cda3d-77aa-443f-99e9-bfc44e1a59e6,1,SUM II DEF REV,SUM II DF RV,Y
2015,EA,2367520,9900,000,64cf451e-ee4a-425b-a20a-cb6475ea523e,1,ACT FEE TRANSFER,ACT FEE TRAN,Y
2015,EA,2868101,9915,PRS,b0b380e9-6391-45bd-90e0-bbd7b37d9978,1,FEMP PRES. MATCH,FEMPPRESMTCH,Y
2015,EA,2868101,9915,SCH,83e5eb50-21f3-476c-85b3-237eaddd9c4e,1,FEMP CAMPUS MATCH,FEMPCMPSMTCH,Y
2015,EA,6067000,8300,INV,b4876891-d592-4a1c-9b71-a9832551c312,1,IU INV NOT PURCH,Inv Not Purc,Y
2015,EA,6067100,1464,WVR,b76afb51-1c72-4ffb-ae2b-6e32b5c0aac7,1,PARKING PERMIT FEE WAIVER,PARK FEE WVR,Y
2015,EA,6067100,5199,071,da13cf9b-ae75-45f7-aa91-cb2edf012a96,1,INT DEBT SERV,INT DEBT SER,Y
2015,EA,6067100,9900,071,dfc1da3c-73a8-45fd-8a8f-43f982be8afc,1,INT DEBT SERV,INT DEBT SER,Y
2015,EA,6669400,1500,CPY,91618de8-a0d1-479c-83aa-a7433a2027f1,1,COPY MACHINE SALES,Copy,Y
2015,EA,6669400,1500,PRT,e0843c1b-b01c-4541-ae0f-12c664b79a5b,1,PRINTER SALES,Print,Y
2015,EA,6669400,4115,STF,0c5402dc-e57d-4156-b1c2-6c9928153d2e,1,STAFF,Staff,Y
2015,EA,6669400,4115,STU,dba2af2d-a101-482a-bc09-813a9643b8c8,1,STUDENT,Student,Y
2015,EA,6669400,5215,STF,8c3088a8-2327-4bfd-93fe-ccd5bd5a324d,1,STAFF,Staff,Y
2015,EA,6669400,5215,STU,68529cff-2e5c-468c-9ccc-533850905c85,1,STUDENT,Student,Y
2015,EA,6868451,0703,WVR,7bab5970-f6e4-42da-9ea2-a6f264f56110,1,PRIOR YEAR FEES-WVR,PRI YR F-WVR,Y
2015,EA,6868451,0787,WVR,eb03e78f-7101-4e78-a916-399087b6ff22,1,TECHNOLOGY FEE WAIVER,TECH FEE WVR,Y
"2016","EA","6868451","0887","WVR","ad01af73-802e-453b-a7f8-7dd586609f17","1","TECHNOLOGY FEE WAIVER","TECH FEE WVR","Y"
"2016","EA","6868451","0987","WVR","f1d2671f-b4b3-43b5-b021-6c64b90ef094","1","TECHNOLOGY FEE WAIVER","TECH FEE WVR","Y"
"2016","EA","9067011","7303","ASV","5d224a09-7c1f-4aa4-9d33-a3eb60b8fac4","1","ADDITIONAL SERVICES","add't svcs","Y"
"2016","EA","9067011","7303","FEE","897cdc17-f44f-462b-99b3-9d5b1763741a","1","ARCHITECT FEES","archt","Y"
"2016","EA","9067011","7303","REM","d17000f4-db5e-4845-b93b-3b102c6111ca","1","REIMBURSABLES","reimb","Y"
"2016","EA","9067017","4520","ASV","1b16b6dd-9900-4079-b409-2281665c3401","1","ADDITIONAL SERVICES","add't svcs","Y"
"2016","EA","9067017","4520","REM","42163328-ae4f-4133-b3ba-5044d97f85b0","1","REIMBURSABLES","reimb","Y"
"2016","EA","9067017","7301","ASV","dff1f928-9c8b-4787-9320-a6fbba019ec2","1","ADDITIONAL SERVICES","add't svcs","Y"
"2016","EA","9067018","7301","ASV","54847ba6-ef19-41f8-a131-a335066f53e7","1","ADDITIONAL SERVICES","Add't Srvcs","Y"
"2016","EA","9067018","7301","FEE","0afced03-90e1-4629-8c96-b089cd28229b","1","ARCHITECTURAL","Arch fees","Y"
"2016","EA","9067018","7301","REM","34ef99de-3ae8-4ec2-b77f-1635407e0246","1","REIMBURSABLES","Reimb","Y"
"2016","EA","9067019","7301","ASV","ed6f36a9-5d05-48c9-b2d5-27a57ae67365","1","ADDITIONAL SERVICES","Add't svcs","Y"
"2016","EA","9067019","7301","FEE","1a93bb1a-d8d2-4ce8-8cc1-c9d01bcc58f7","1","ARCHITECTURUAL","arch fees","Y"
"2016","EA","9067019","7301","REM","7ce7a237-0878-4a4a-8e62-45f7009d4bac","1","REIMBURSABLES","reimb","Y"
"2016","EA","9067019","7468","ASV","d05293e7-a4fa-4497-bb7b-6f8a075b260f","1","ADDITIONAL SERVICE","Add't Svcs","Y"
"2016","EA","9067019","7468","FEE","c0aaee11-9e26-42e4-a1f6-6f1f3be15535","1","ARCHITECTURAL","Arch Fees","Y"
"2016","EA","9067019","7468","REM","df63e900-dc96-4f44-bb67-e9b74c734503","1","REIMBURSABLES","Reimb","Y"
"2016","EA","9269401","9940","LCF","c89c8e15-de71-4141-8e5f-21ae0f076af1","1","LIFE CYCLE FUNDING","LIFECYCLE","Y"
"2016","EA","9769390","7900","000","56e816da-3d23-4f2c-b7ce-6bcd749d1ef5","1","UNALLOCATED","UNALLOCATED","Y"
"2016","BL","1031400","3000","WIN","dd422ea7-1368-48b3-9a75-ba56dbd23452","1","Instructional Support Wages","Instruct.","Y"
"2016","BL","1031400","3000","WMO","50e67289-fc3c-43f6-a335-6481673fd818","1","Main Office Wages","Main Office","Y"
"2016","BL","1031400","3000","WTS","1da9a9c9-44b1-4145-9dd6-a148400d6def","1","Tech Support Wages","Tech Support","Y"
"2016","BL","1031400","5000","SAC","95e13212-31f2-47f9-828b-a793565e6bc4","1","Animal Care Supplies","Animal Care","Y"
"2016","BL","1031400","5000","SAO","86a2eda6-82a3-4101-aad2-6b7f8ec107b3","1","Advising Office Supplies","Advising Off","Y"
"2016","BL","1031400","5000","SAS","14542a7c-b217-4d50-aa5e-117e8c048805","1","Academic Services Office","Academic Ser","Y"
"2016","BL","1031400","5000","SBO","767989ff-c9db-41ad-84e4-081c966a9ad1","1","Business Office Supplies","Buss Office","Y"
"2016","BL","1031400","5000","SBS","859f4f69-1636-433e-9b72-c0e42bc2e90d","1","Building Services Supplies","Bldg Service","Y"
"2016","BL","1031400","5000","SCB","f8f546bf-2feb-4223-a901-fcff2f12a12a","1","Supplies Cabinet","Supply Cab","Y"
"2016","BL","1031400","5000","SCL","d58034a8-fc1b-40f2-9b64-edf09bc785f1","1","Cause Library Supplies","CAUSE Supply","Y"
"2016","BL","1031400","5000","SCO","b9ac3582-17cd-4535-8d6e-fbe910f04533","1","Chair's Office Supplies","Chair Office","Y"
"2016","BL","1031400","5000","SCQ","b92a2bd2-afe3-48c8-8ef9-f6e848d30f14","1","Colloquium Supplies","Colloquium","Y"
"2016","BL","1031400","5000","SCS","77b17f5c-d087-4110-92ad-e91f13156197","1","Clinical Sciences Supplies","Clinic","Y"
"2016","BL","1031400","5000","SFC","0c2a7e47-b954-41cd-a561-bc61ebdeb885","1","Faculty Supplies","Faculty","Y"
"2016","BL","1031400","5000","SFR","910908c4-a89b-4917-bc87-fe6f9be7895a","1","Faculty Recruitment","Faculty Recr","Y"
"2016","BL","1031400","5000","SGS","74b311de-e6b2-46eb-9a0c-10abfcf449f9","1","Grant Support Supplies","Gnt Support","Y"
"2016","BL","1031400","5000","SLB","a281a8f5-8db6-4455-a3f9-afad000fb124","1","Labs Supplies","Labs Supply","Y"
"2016","BL","1031400","5000","SLN","c651c857-e14a-4cdf-b99c-295934e85491","1","LAN Supplies","LAN","Y"
"2016","BL","1031400","5000","SRF","9a4a328b-67d8-463a-bfaa-4b4c3eb3a457","1","Retired Faculty Supplies","Retired Fac","Y"
"2016","BL","1031400","5000","SSC","6429c6aa-a87f-4833-a3aa-c4b4d16c7779","1","Secretarial Supplies","Secreterial","Y"
"2016","BL","1031400","5000","SSR","fefacaeb-2686-44b2-aef7-0b817cf00510","1","Student Recruitment","GS Recruit","Y"
"2016","BL","1031400","5000","SSS","00b0bd36-277c-46f6-8f10-335eaa9ca043","1","Social Student Supplies","Social GS","Y"
"2016","BL","1031400","5000","STS","51c8ea92-af20-472a-88b3-105b87001ea6","1","Tech Support Supplies","Tech Support","Y"
"2016","EA","0308160","8160","07","fff2d75c-755e-408a-bccb-68a619aa007f","1","SUM I BURSAR AR","SUM I AR","Y"
"2016","EA","0308160","8160","08","40159525-d6f6-4e7e-aa34-fc31dc644b54","1","FALL BURSAR AR","FALL AR","Y"
"2016","EA","0308160","8160","09","d23d6b8d-de47-479d-b5c0-c51e11cb7571","1","SPRING BURSAR AR","SPRING AR","Y"
"2016","EA","0308160","8160","10","b2b156d7-8f6d-4eb2-aff3-90f0cbf7e8eb","1","SUM II BURSAR AR","SUM II AR","Y"
"2016","EA","0308460","8460","07","77f7b76d-ba78-4692-a827-fc4d9e5aa8b3","1","SUMMER 1 PREPAID","SUM 1 PPD","Y"
"2016","EA","0308460","8460","10","e6f77e3a-81c9-4b53-b61e-3d8541efc9f9","1","SUMMER 2 PREPAID","SUM 2 PPD","Y"
"2016","EA","0309060","9060","07","26e09b78-3f61-4375-85cc-645a7acb6551","1","SUM I DEF REV","SUM I DF RV","Y"
"2016","EA","0309060","9060","10","0908a8c9-a642-454e-8769-0ffc881c6834","1","SUM II DEF REV","SUM II DF RV","Y"
"2016","EA","0309060","9080","UNA","24e45e5d-aa76-4ca9-b398-e17af3a8f094","1","UNAPPLIED PAYMENTS","UNAPPLIED","Y"
"2016","EA","0309465","9465","07","a4249170-93b3-414f-880e-c038652c3609","1","SUM II DEF REV","SUM II DF RV","Y"
"2016","EA","0309465","9465","08","b60a4672-4e45-4154-b9a7-8816a55f20eb","1","FALL DEF REV","FALL DF RV","Y"
"2016","EA","0309465","9465","09","74de5b90-ca6e-42f7-95bd-0379f4b2a5ca","1","SPRING DEF REV","SPRING DF RV","Y"
"2016","EA","0309465","9465","10","0c7d2a3d-0e67-400e-9fa2-4fbf667c4f56","1","SUM II DEF REV","SUM II DF RV","Y"
"2016","EA","0366500","4008","041","c1c6fbea-e1f6-460e-bbd7-93acd40cdcbf","1","Special Events Alloc","Spec Events","Y"
"2016","EA","0366500","9977","041","a9b9146b-4b63-4bbb-aaf5-2362428a9cf5","1","Special Events Alloc","Spec Events","Y"
"2016","EA","0366513","7900","020","af583053-953b-4fa2-885a-1dea7c8f2a25","1","CAMPUS CONTINGEN","CAMPUS CONTI","Y"
"2016","EA","0366513","7900","040","71b02726-e946-4197-b0d0-ff96937fc13d","1","COMP SERV ALLOC","COMP SERV AL","Y"
"2016","EA","0366513","7900","046","ea709c56-14f3-4caa-a7c0-9f70c0818a8d","1","RECLASS RESERVE","RECLASS RESE","Y"
"2016","EA","0366513","7900","047","f19f648e-6432-4337-9562-af4280f79e44","1","LIBRARY AQUIT ALLO","LIBRARY AQUI","Y"
"2016","EA","0366513","7900","048","22f16a2e-b2b0-4b79-ab3a-ad1d000a41b8","1","ENROLL INIT ALLOC","ENROLL INIT","Y"
"2016","EA","0366513","7900","049","73a0201c-da38-4e53-a1e5-0bfd80fb5153","1","RETIREMENT PAY ALL","RETIREMENT P","Y"
"2016","EA","0366513","7900","050","3efc9994-64eb-4d94-97ce-d30462539163","1","FUND BAL ADDITION","FUND BAL ADD","Y"
"2016","EA","0366513","7900","051","8c7b36ca-c6cf-4205-a4f2-0cb765acc289","1","STRATEGIC DIRECTIONS ALLOC","STR DIR ALLO","Y"
"2016","EA","0366513","7900","052","46247a61-9cb3-49be-9519-085fe04c0f3f","1","FAC TEACH FOR EXCELLENCE","FAC EXCEL-TE","Y"
"2016","EA","0366513","7900","053","d16bb5d2-ccae-4259-965a-7b1b5f14dc90","1","Quality Improvement Projects","Quality Impr","Y"
"2016","EA","0366513","7900","BCP","f164efea-41d6-4756-b520-98b65b8717af","1","BUDGET CONTINGENCY PLAN","B C Plan","Y"
"2016","EA","0366513","7900","RET","240dc904-2206-4795-ae75-b7e4618dbd91","1","1% RETENTION INITIATIVE","RETENTION","Y"
"2016","EA","0366513","7900","UTX","2c623005-fe8c-42c9-a598-350fa58e9cf5","1","CONTINGENCY SAVINGS - UNIV TAX","Univ Tax Sav","Y"
"2016","EA","0366520","4008","COL","50dfa1c4-a6e6-4c94-9866-7adfa02809a9","1","COLOR COPIER OFFICE SERVICES","color copier","Y"
"2016","EA","0366520","4008","FOC","83d9f5f6-023d-4406-ad97-feec6f960f9b","1","Focus on Arts funding","Focus Art","Y"
"2016","EA","0366520","4008","GRA","269772c3-11a5-4497-99bc-67a08f95db01","1","GRAF ENDOWED FACULTY","GRAF","Y"
"2016","EA","0366520","4008","MLR","63cadf74-7d97-499d-9f98-324605e58724","1","Mailroom Allocation","Mailroom","Y"
"2016","EA","0366520","4008","WCT","e265af07-eded-47de-b136-f48953c5f977","1","WCTV support funds","WCTV","Y"
"2016","EA","0366520","4078","PRO","dbbcba70-b5cc-4f59-84df-d9361e06b22e","1","Professional Council Funds","Prof Counc","Y"
"2016","EA","0366520","4078","STF","4ba0bc7d-2dbb-4c7d-99f5-ec1f704a9836","1","Staff Council Funds","Staff Counc","Y"
"2016","EA","0366520","7900","000","80ee02fe-c4cf-4060-b158-0902bf20b0e1","1","NEW BLDG START ALL","NEW BLDG STA","Y"
"2016","EA","0366520","9977","COL","6cda20e6-ea2f-44bc-880d-72f88487e01d","1","COLOR COPIER OFFICE SERVICES","color copier","Y"
"2016","EA","0366520","9977","FOC","a55673e0-dda9-4fe6-b16e-3d7ce8e8ea74","1","Focus on Arts funding","Focus Art","Y"
"2016","EA","0366520","9977","GRA","7847fce6-3be9-4e81-8399-a10ca804f1cd","1","GRAF ENDOWED FACULTY","GRAF","Y"
"2016","EA","0366520","9977","MLR","11342e62-7366-49c4-818c-3313e16a6eaf","1","Mailroom Allocation","Mailroom","Y"
"2016","EA","0366520","9977","WCT","1bec475a-0cee-4b3c-8b16-364913f2024a","1","WCTV support funds","WCTV","Y"
"2016","EA","0366530","1110","TEC","2ac7e93a-1bda-49cc-9f29-4eecdf3e9dd9","1","TECH FUNDING","tech fund","Y"
"2016","EA","0366530","1110","UNI","d56d0f4c-45e8-439d-8043-6d9ae0291984","1","UNIVERSITY INITIATIVES","univ init","Y"
"2016","EA","0366530","4008","ERF","e40c8486-8ace-4ac1-b448-e8a86a5ed51e","1","Early Retirement Funding Res","Erly Ret Fnd","Y"
"2016","EA","0366530","4008","FCT","bf472d63-55c7-412a-b75c-498e1ae89897","1","FACULTY COLLOQ ON EXCELLANCE IN TEACHING","FACET","Y"
"2016","EA","0366530","4008","SLC","a26d147d-8d70-4445-9751-285475f72dad","1","STUDENT LOAN COLLECTIONS","Collections","Y"
"2016","EA","0366530","4008","TEC","f38377cb-1241-4e5b-841a-01cf62195997","1","BASE TECH FUND","tech fund","Y"
"2016","EA","0366530","4008","UNI","5c58ad9f-f28e-4cdb-9540-3dae1e941d7e","1","UNIVERSITY INITIATIVES","UNIV INIT","Y"
"2016","EA","0366530","9956","DFC","ad1eede2-ee3d-45d7-93af-e5a4af85298f","1","DEPENDENT FEE COURTESY","Fee courtesy","Y"
"2016","EA","0366530","9956","DFS","1285b188-4ab5-4c0f-bfdb-28ba85350fee","1","DEPENDENT FEE COURTESY","Fee courtesy","Y"
"2016","EA","0366530","9977","ERF","f5571976-f8d5-49f3-9b0f-53f2c5e1a38b","1","Early Retirement Funding Res","Erly Ret Fnd","Y"
"2016","EA","0366530","9977","FCT","14f8e923-58d6-4b4a-a99a-9c7488e37830","1","FACULTY COLLOQ ON EXCELLANCE IN TEACHING","FACET","Y"
"2016","EA","0366530","9977","SLC","5af51f5b-9ad1-49f5-b619-c743c6df5e6f","1","STUDENT LOAN COLLECTIONS","Collections","Y"
"2016","EA","0366530","9977","TEC","3a5b41cb-d772-4471-88e9-2ba0984bb343","1","BASE TECH FUND","tech fund","Y"
"2016","EA","0366530","9977","UNI","c228d22e-e4ff-41c1-8dec-aa80332789ff","1","UNIVERSITY INITIATIVES","UNIV INIT","Y"
"2016","EA","0366550","9970","UAC","f1cadc16-845b-4b4a-87d7-76dd8c0b654a","1","EQUIP REPLACE FUNDING UA COMPONENT","EQREP UA","Y"
"2016","EA","0366571","4008","MSA","11a23205-b138-41e0-90eb-89c794b524cc","1","MICROSOFT AGREEMENT","MICROSOFT","Y"
"2016","EA","0366571","9977","MSA","10c7b159-8359-4ca3-9a3d-614fab75741d","1","MICROSOFT AGREEMENT","MICROSOFT","Y"
"2016","EA","0366586","1110","TEC","ab0bc662-a867-4bef-a6a0-fd03928ec969","1","STATE APPROP TECHNOLOGY","TECHNOLOGY","Y"
"2016","EA","0366586","1110","UNI","66f528f6-6460-4f46-9639-40331b78c8a1","1","STATE APPROP UNIVERSITY INITIATIVES","UNIV INITVE","Y"
"2016","EA","0366600","4008","040","49159640-5972-42f8-91d1-365c156cac59","1","Alumni alloc","alumni","Y"
"2016","EA","0366600","4008","041","fc1399a6-91e6-46fd-b6d4-1b308c6f1e39","1","Special Events Allocation","Spec Events","Y"
"2016","EA","0366600","4008","042","36ba64b0-647f-46a2-ac80-8b5ba7dced7a","1","Lively Arts Alloc","Lively Arts","Y"
"2016","EA","0366600","4008","043","098f1251-0fba-48ce-8206-7981d717cdb9","1","Gallery Allocation","Gallery","Y"
"2016","EA","0366600","4008","ALU","7645d18e-643a-4367-8dea-5e152cceb37a","1","ALUMNI RELATIONS","Alum","Y"
"2016","EA","0366600","7900","040","d216bfc6-740b-4d5d-98f1-22ad173bce96","1","ALUM ASSN ALLOT","ALUM ASSN AL","Y"
"2016","EA","0366600","7900","041","76c1a925-57d8-4aaa-8fb6-b11371ef4435","1","SPEC EVENT ALLOT","SPEC EVENT A","Y"
"2016","EA","0366600","7900","042","ebfc926a-2a7b-4b1f-a5e2-1cd4bd7fb205","1","LIVELY ARTS ALLOT","LIVELY ARTS","Y"
"2016","EA","0366600","7900","043","1772bb0f-c6ec-423e-9e9b-f9a1efa5c81d","1","FUND RAISING ALL","FUND RAISING","Y"
"2016","EA","0366600","9977","040","a556e5d7-572e-4a3d-ab56-38abf6c45260","1","Alumni alloc","alumni","Y"
"2016","EA","0366600","9977","041","561425ec-8919-4f18-94e1-598e66b17e92","1","Special Events Allocation","Spec Events","Y"
"2016","EA","0366600","9977","042","c9a5c1e0-3950-4591-87a4-273c2c2446e9","1","Lively Arts Alloc","Lively Arts","Y"
"2016","EA","0366600","9977","043","7849741d-65a4-413a-916b-ad6665144b88","1","Gallery Allocation","Gallery","Y"
"2016","EA","0366600","9977","ALU","8040da21-065a-4ddb-b814-9329cec7ce24","1","ALUMNI RELATIONS","Alum","Y"
"2016","EA","0367200","9977","ONB","5c1bfed2-f8a1-4e01-b70e-b92a5c72759a","1","ONBASE BUDGET ALLOCATION","ONB","Y"
"2016","EA","0367235","9977","HMS","7307e8c4-53c3-4d6b-ae19-8af3bc2275dc","1","HRMS BUDGET ALLOCATION","HRMS","Y"
"2016","EA","0367287","0110","SDC","bb9d0d26-29da-418c-b0c6-1fb9840e73d9","1","SDC TUITION RESERVE","SDC TUIT RES","Y"
"2016","EA","0367287","0703","WVR","fd371312-e4bf-4267-9345-8b17a4d28bfe","1","PRIOR YEAR FEES-WVR","PRI YR F-WVR","Y"
"2016","EA","0367287","0790","WVR","6420c9af-c91e-449d-bd80-05768054dd7b","1","LATE REGISTRATION FEE WAIVER","LATE REG WVR","Y"
"2016","EA","0367287","0791","WVR","12b25c19-55ac-4776-b350-6f9c6a056ae6","1","SUM2 NON CR HR FEE DEFERRED-WVR","S2NCR DF-WVR","Y"
"2016","EA","0367287","0890","WVR","d3f83f09-781a-4a55-a7ca-94757ce3fd50","1","LATE REGISTRATION FEE WAIVER","LATE REG WVR","Y"
"2016","EA","0367287","0891","WVR","586caa5c-3213-4d46-a519-df2a2f63ec91","1","FALL NON CR HR FEE DEFERRED-WVR","FLNCR DF-WVR","Y"
"2016","EA","0367287","0990","WVR","501824c2-ad7f-4cb4-b4f6-920da335da9d","1","LATE REGISTRATION FEE WAIVER","LATE REG WVR","Y"
"2016","EA","0367287","0991","WVR","eabf0261-e06e-45ab-a73d-61ec6beb7377","1","SPRG NON CR HR FEE DEFERRED-WVR","SPNCR DF-WVR","Y"
"2016","EA","0367287","1090","WVR","1209083c-d47c-4366-a22c-6cb6081a1738","1","LATE REGISTRATION FEE WAIVER","LATE REG WVR","Y"
"2016","EA","0367287","1091","WVR","1d8c1643-757d-4ed0-91a4-6e9f91d455d8","1","SUM1 NON CR HR FEE DEFERRED-WVR","S1NCR DF-WVR","Y"
"2016","EA","0367287","1800","WVR","aef8a0a8-42f2-4f80-8b42-ef52abe750a0","1","OTHER INCOME-WAIVER","OTHR INC-WVR","Y"
"2016","EA","0367310","7900","000","72e2bdab-e009-4342-b8c4-c03748812356","1","WEEKEND COVER ALLOC","WKEND COVER","Y"
"2016","EA","0367318","7000","NRE","84acb295-86c1-416c-ac75-a6713a5c2aaa","1","NONRECURRING EQUIPMENT","NONRECURRING","Y"
"2016","EA","0367525","2502","WRI","5a088429-7190-460a-b4fa-37487a656dd5","1","WRIGHT","WRIGHT","Y"
"2016","EA","0367587","0110","SCH","9f2e6ff9-c1e9-43f8-836b-63dcf52e4dd3","1","SCHOLAR CDV RESERVE","CDV SCHOL RE","Y"
"2016","EA","0367720","5810","WVR","0785799a-8cb4-4466-bd60-f85428a89f38","1","GRAD STUD FEE WVR","GRAD FEE WVR","Y"
"2016","EA","0368000","2200","CTE","b43ad438-446d-4bd7-b7d3-064ba2c1c696","1","COMMITMENT TO EXCELLENCE","COMMITMENT","Y"
"2016","EA","0368000","7900","000","e7909ac6-691a-4429-a5e5-d379329ed18f","1","UNALLOCATED","UNALLOCATED","Y"
"2016","EA","0368000","7900","040","3b744f3a-70d8-4a78-8db8-ba6d5f1e6de5","1","ALLOC ECON ED CN","ALLOC ECON E","Y"
"2016","EA","0368000","7900","CTE","2ac72ab9-42bf-4a09-9078-b91a34ed4372","1","COMMITMENT TO EXCELLENCE","COMMITMENT","Y"
"2016","EA","0368000","9977","CHP","96e77114-8da4-4967-bd84-ef6a2671d27c","1","CHP E219 BUDGET ALLOCATION","CHP","Y"
"2016","EA","0368000","9977","EEC","751b7476-73d9-4148-8fbb-ff855a6b8890","1","EEC BUDGET ALLOCATION","EEC","Y"
"2016","EA","0368000","9977","GRF","89c413d6-439e-46a0-a626-6c31d004c5db","1","GRAF E219 BUDGET ALLOCATION","GRF","Y"
"2016","EA","0368010","2000","CTE","ea328460-1373-4913-8d2d-55a77464bf72","1","COMMITMENT TO EXCELLENCE","COMMITMENT","Y"
"2016","EA","0368014","4008","LAB","e3528874-4bb7-4403-a6d7-4b1f1af6a799","1","COMPUTER LAB","COMP LAB","Y"
"2016","EA","0368014","4008","MSA","f6afa7f5-bc1a-4e11-9d9a-8238795a37c8","1","MICROSOFT AGREEMENT","MICROSOFT","Y"
"2016","EA","0368014","7900","000","7876f7da-5de9-40d5-8fba-50170cfc1e82","1","STU NETWORK ALLOC","STU NETWORK","Y"
"2016","EA","0368014","9977","LAB","924f64b2-a01f-4202-b688-9aedcab61084","1","COMPUTER LAB","COMP LAB","Y"
"2016","EA","0368014","9977","MSA","0fdb6701-0ccd-40f6-bf8e-ca25d0f541e6","1","MICROSOFT AGREEMENT","MICROSOFT","Y"
"2016","EA","0368016","3000","CTE","238e9dbb-963a-42ca-afa0-29293142f67f","1","COMMITMENT TO EXCELLENCE","COMMITMENT","Y"
"2016","EA","0368016","3500","CTE","cf552e73-151b-40a0-b135-68880a921c0c","1","COMMITMENT TO EXCELLENCE","COMMITMENT","Y"
"2016","EA","0368020","2000","CTE","26b9758a-db27-4457-ac96-6f9c6d46beca","1","COMMITMENT TO EXCELLENCE","CTE","Y"
"2016","EA","0368020","2500","CTE","a3cf54cb-7686-4281-99dd-74bbbfee33c1","1","COMMITMENT TO EXCELLENCE","CTE","Y"
"2016","EA","0368025","5199","000","d260ead3-d2cf-49da-b798-e481169d6539","1","TRANSFERS OF FUNDS","TRANSFERS OF","Y"
"2016","EA","0368025","9900","000","fd09d3a9-99e0-42db-a59c-070ca235db5d","1","TRANSFERS OF FUNDS","TRANSFERS OF","Y"
"2016","EA","0368030","3500","CTE","cc4f24a8-c0aa-472f-ac6d-b4a6f0e81f70","1","COMMITMENT TO EXCELLENCE","CTE","Y"
"2016","EA","0368035","2000","CTE","f36b0a63-4911-4e9b-8d87-1c2ecdb9dffa","1","COMMITMENT","CTE","Y"
"2016","EA","0368035","2400","CTE","8dc1668d-88c7-4715-b704-b7764f43db87","1","COMMITMENT","CTE","Y"
"2016","EA","0368040","2000","ADM","c629c848-56cc-4059-8e6a-6bc0cea67a7e","1","ADMINISTRATIVE SUPPORT","Admin Suppor","Y"
"2016","EA","0368100","2000","CTE","8c9e19bb-f51c-46d3-9188-172b391befdd","1","COMMITMENT TO EXCELLENCE","COMMITMENT","Y"
"2016","EA","0368187","0110","SDC","6959b98c-fb5e-4778-887a-2d32e252c4c6","1","SDC TUITION RESERVE","SDC RESERVE","Y"
"2016","EA","0368187","0703","WVR","1fb3aa21-282b-4751-90cd-65cf5ea81a7d","1","PRIOR YEAR FEES-WVR","PRI YR F-WVR","Y"
"2016","EA","0368187","0787","WVR","5207b43e-a54f-4d22-a843-a64f3a782fe2","1","TECHNOLOGY FEE WAIVER","TECH FEE WVR","Y"
"2016","EA","0368187","0887","WVR","964d79e4-91e7-4620-b33b-cd3174b00228","1","TECHNOLOGY FEE WAIVER","TECH FEE WVR","Y"
"2016","EA","0368187","0987","WVR","763717ad-d810-4964-bc45-d7c980852467","1","TECHNOLOGY FEE WAIVER","TECH FEE WVR","Y"
"2016","EA","0368187","1087","WVR","cbba9a16-2b4a-4a61-8bc3-0e1d6ab60564","1","TECHNOLOGY FEE WAIVER","TECH FEE WVR","Y"
"2016","EA","0368200","2000","CTE","2d04b14f-822b-4c3a-969c-a12abce30e22","1","COMMITMENT TO EXCELLENCE","Commitment","Y"
"2016","EA","0368200","2400","CTE","a0cbfb39-a312-4a6d-87a5-c6376d6988ad","1","COMMITMENT TO EXCELLENCE","Commitment","Y"
"2016","EA","0368200","9920","CTE","93fc9d52-8f41-4572-adfd-4305112956bd","1","COMMITMENT TO EXCELLENCE","CTE","Y"
"2016","EA","0368451","0703","WVR","32ba857b-0319-4005-956d-d3ea06956ad6","1","PRIOR YEAR FEES-WVR","PRI YR F-WVR","Y"
"2016","EA","0368451","0787","WVR","b6d81a39-e6ec-4329-afd7-b75303fee838","1","TECHNOLOGY FEE WAIVER","TECH FEE WVR","Y"
"2016","EA","0368451","0796","WVR","b2e8acd9-1d80-44f7-9d57-7abcea76580c","1","STUDENT ACTIVITY FEE WAIVER","STU ACT WVR","Y"
"2016","EA","0368451","0887","WVR","1562ebb3-9d31-4168-a9d6-063869a2e916","1","TECHNOLOGY FEE WAIVER","TECH FEE WVR","Y"
"2016","EA","0368451","0896","WVR","21c286c8-4fce-46c6-abb0-1f6d417e5f50","1","STUDENT ACTIVITY FEE WAIVER","STU ACT WVR","Y"
"2016","EA","0368451","0987","WVR","2bf17840-6c81-47f1-a27c-c7be16c53cd1","1","TECHNOLOGY FEE WAIVER","TECH FEE WVR","Y"
"2016","EA","0368451","0996","WVR","0aeeece6-f2e0-4903-9067-e31c4b639645","1","STUDENT ACTIVITY FEE WAIVER","STU ACT WVR","Y"
"2016","EA","0368451","1087","WVR","b40a084b-2f6a-40c4-9737-a29702963b32","1","TECHNOLOGY FEE WAIVER","TECH FEE WVR","Y"
"2016","EA","0368451","1096","WVR","58befe9a-d9a6-4a80-b03d-336b0cf0eff4","1","STUDENT ACTIVITY FEE WAIVER","STU ACT WVR","Y"
"2016","EA","0368500","5199","000","f2f4f28a-fe29-42fa-86b4-1ce079edbe90","1","TRANSFERS OF FUNDS","TRANSFERS OF","Y"
"2016","EA","0368500","9900","000","d303076a-8f25-40bd-9225-dc8bc47ba568","1","TRANSFERS OF FUNDS","TRANSFERS OF","Y"
"2016","EA","0368700","2000","CTE","7b04608b-fd60-497b-940a-65301890126e","1","CTE","CTE","Y"
"2016","EA","0368720","2000","CTE","5dfee804-d119-47a4-ad57-927fc59d8582","1","COMMITMENT TO EXCELLENCE","CTE","Y"
"2016","EA","0368900","2000","CTE","cde016df-ef3e-4121-9dda-6895c19bd06c","1","COMMITMENT TO EXCELLENCE","COMMITMENT","Y"
"2016","EA","0369303","5199","000","0cd943c8-7824-45ca-8709-ccbfdc3206ef","1","TRANSFERS OF FUNDS","TRANSFERS OF","Y"
"2016","EA","0369303","9900","000","e4ce526e-d988-4c6d-b0bf-591a45c94a53","1","TRANSFERS OF FUNDS","TRANSFERS OF","Y"
"2016","EA","0369306","2502","MAR","50d2b820-7b23-4959-8d05-6ecb548446d1","1","MARCUM","MARCUM","Y"
"2016","EA","0369308","2502","WAL","943fb1d8-da0b-4663-b952-5a99502f952b","1","WALKER","WALKER","Y"
"2016","EA","0369400","4084","ARE","5bc720ae-247b-4397-9a46-46ca6e671953","1","AREA 9 T-1","ARE","Y"
"2016","EA","0369400","4084","CON","a92bf1ad-a871-4cba-8320-fec222e58e0d","1","CONNERSVILLE T-1","CON","Y"
"2016","EA","0369400","4084","NEW","7e3ffd12-3186-4cbf-aa6e-f3f1e333cb8e","1","NEW CASTLE - T-1","NEW","Y"
"2016","EA","0369400","9940","LCF","dbcf2e0c-7db2-402c-87e1-a57340b63650","1","LIFE CYCLE FUNDING","LIFECYCLE","Y"
"2016","EA","0369400","9977","TSC","44269fa5-b092-4ff5-93ef-6c7d6d26157f","1","TECH SUPPORT CLASSROOM TEACHING","TSC","Y"
"2016","EA","0369405","9940","LCF","54b5e989-8364-481a-baf5-96d152999f12","1","LIFE CYCLE FUNDING","LIFECYCLE","Y"
"2016","EA","2366556","1635","BUR","5d9f38d6-8cd4-48a9-b588-39c7b411ce34","1","BURSAR","burs","Y"
"2016","EA","2367519","5199","000","5bfc1567-ad77-4e3c-8dc7-a1ea10a05d27","1","TANSFER OF SUPPORT","TRANSFER SUP","Y"
"2016","EA","2367519","9900","000","14e342b6-18cd-4bab-b86c-3b798f1223a0","1","TANSFER OF SUPPORT","TRANSFER SUP","Y"
"2016","EA","2367520","0703","WVR","1e0f5ad0-adfa-4926-b6d0-559ad3e86971","1","PRIOR YEAR FEES-WVR","PRI YR F-WVR","Y"
"2016","EA","2367520","0796","WVR","553f277d-9606-4a02-89d6-2bf76dd734a7","1","STUDENT ACTIVITY FEE WAIVER","STU ACT WVR","Y"
"2016","EA","2367520","0896","WVR","4302cbb8-4e78-46ba-bf81-1c46e6fef330","1","STUDENT ACTIVITY FEE WAIVER","STU ACT WVR","Y"
"2016","EA","2367520","0996","WVR","f66c9be7-3528-41bb-9d8c-9a5826775519","1","STUDENT ACTIVITY FEE WAIVER","STU ACT WVR","Y"
"2016","EA","2367520","1096","WVR","502502c0-a7b9-4f5d-bff9-a62a113eb243","1","STUDENT ACTIVITY FEE WAIVER","STU ACT WVR","Y"
"2016","EA","2367520","5199","000","bcb5b584-89a2-4a96-a655-7eb86c53fe31","1","ACT FEE TRANSFER","ACT FEE TRAN","Y"
"2016","EA","2367520","7900","000","d289f1cb-3dec-4606-a6f8-a4f3a31e185a","1","UNALLOCATED","UNALLOCATED","Y"
"2016","EA","2367520","8160","07","4ed6d373-98c8-43ed-a38e-12d1a4452c16","1","SUM I BURSAR AR","SUM I AR","Y"
"2016","EA","2367520","8160","08","fab26346-d9b6-4f94-9d29-179ceff7cb40","1","FALL BURSAR AR","FALL AR","Y"
"2016","EA","2367520","8160","09","d6a240c9-baec-4ac8-9178-c05119e93c4b","1","SPRING BURSAR AR","SPRING AR","Y"
"2016","EA","2367520","8160","10","60295143-4591-4bfe-b774-29defc55f66c","1","SUM II BURSAR AR","SUM II AR","Y"
"2016","EA","2367520","9465","07","5143dd12-2361-4430-a8c9-425f48768f3c","1","SUM I DEF REV","SUM I DF RV","Y"
"2016","EA","2367520","9465","08","8650d229-076b-41b8-831e-677efde2ee69","1","FALL DEF REV","FALL DF RV","Y"
"2016","EA","2367520","9465","09","1f3e39bc-1bfe-4ae1-b089-645c22b256aa","1","SPRING DEF REV","SPRING DF RV","Y"
"2016","EA","2367520","9465","10","36a816e8-4db6-4487-9d3e-378f9cf0e70a","1","SUM II DEF REV","SUM II DF RV","Y"
"2016","EA","2367520","9900","000","592e7150-a675-47d1-a61d-13e37428c637","1","ACT FEE TRANSFER","ACT FEE TRAN","Y"
"2016","EA","2868101","9915","PRS","4f0ea0c5-a805-4609-96d0-54e3697f6352","1","FEMP PRES. MATCH","FEMPPRESMTCH","Y"
"2016","EA","2868101","9915","SCH","78ca810c-a81a-4205-813c-55d850899977","1","FEMP CAMPUS MATCH","FEMPCMPSMTCH","Y"
"2016","EA","6067000","8300","INV","eb7d7d7d-7a98-4398-aeae-f4728279a627","1","IU INV NOT PURCH","Inv Not Purc","Y"
"2016","EA","6067100","1464","WVR","fb5716f3-4720-445c-a3bf-01f5c92161e7","1","PARKING PERMIT FEE WAIVER","PARK FEE WVR","Y"
"2016","EA","6067100","5199","071","56e49936-0f8e-4f6d-b737-608cbe15e478","1","INT DEBT SERV","INT DEBT SER","Y"
"2016","EA","6067100","9900","071","77569bf4-a5f3-4c2b-b397-aa34c378445f","1","INT DEBT SERV","INT DEBT SER","Y"
"2016","EA","6669400","1500","CPY","ad5184ec-5b63-4520-8e41-4f677f1f2ff8","1","COPY MACHINE SALES","Copy","Y"
"2016","EA","6669400","1500","PRT","60978a42-5baf-4ace-a6df-a494d335046a","1","PRINTER SALES","Print","Y"
"2016","EA","6669400","4115","STF","e5975ff3-236e-4ed5-ab4c-83ded9557b13","1","STAFF","Staff","Y"
"2016","EA","6669400","4115","STU","a1c81493-f36c-4d41-b5c8-8b40018cbe25","1","STUDENT","Student","Y"
"2016","EA","6669400","5215","STF","3b5d863f-f41b-4200-9bd2-915613839ffd","1","STAFF","Staff","Y"
"2016","EA","6669400","5215","STU","f9bf633a-ef9c-4a15-bc6a-ba3b573c96b3","1","STUDENT","Student","Y"
"2016","EA","6868451","0703","WVR","14e52303-41ad-4dc5-84cb-afc8e064a675","1","PRIOR YEAR FEES-WVR","PRI YR F-WVR","Y"
"2016","EA","6868451","0787","WVR","804739dc-71af-4da9-8777-478238b10908","1","TECHNOLOGY FEE WAIVER","TECH FEE WVR","Y"
"2017","EA","6868451","0887","WVR","ad01af73-802e-553b-a7f8-7dd586609f17","1","TECHNOLOGY FEE WAIVER","TECH FEE WVR","Y"
"2017","EA","6868451","0987","WVR","f1d2671f-b4b3-53b5-b021-6c64b90ef094","1","TECHNOLOGY FEE WAIVER","TECH FEE WVR","Y"
"2017","EA","9067011","7303","ASV","5d224a09-7c1f-5aa4-9d33-a3eb60b8fac4","1","ADDITIONAL SERVICES","add't svcs","Y"
"2017","EA","9067011","7303","FEE","897cdc17-f44f-562b-99b3-9d5b1763741a","1","ARCHITECT FEES","archt","Y"
"2017","EA","9067011","7303","REM","d17000f4-db5e-5845-b93b-6b102c6111ca","1","REIMBURSABLES","reimb","Y"
"2017","EA","9067017","4520","ASV","1b16b6dd-9900-5079-b409-7281665c3401","1","ADDITIONAL SERVICES","add't svcs","Y"
"2017","EA","9067017","4520","REM","42163328-ae4f-5133-b3ba-5044d97f85b0","1","REIMBURSABLES","reimb","Y"
"2017","EA","9067017","7301","ASV","dff1f928-9c8b-5787-9320-a6fbba019ec2","1","ADDITIONAL SERVICES","add't svcs","Y"
"2017","EA","9067018","7301","ASV","54847ba6-ef19-51f8-a131-a335066f53e7","1","ADDITIONAL SERVICES","Add't Srvcs","Y"
"2017","EA","9067018","7301","FEE","0afced03-90e1-5629-8c96-b089cd28229b","1","ARCHITECTURAL","Arch fees","Y"
"2017","EA","9067018","7301","REM","34ef99de-6ae8-5ec2-b77f-8635407e0246","1","REIMBURSABLES","Reimb","Y"
"2017","EA","9067019","7301","ASV","ed6f36a9-5d05-58c9-b2d5-77a57ae67365","1","ADDITIONAL SERVICES","Add't svcs","Y"
"2017","EA","9067019","7301","FEE","1a93bb1a-d8d2-5ce8-8cc1-c9d01bcc58f7","1","ARCHITECTURUAL","arch fees","Y"
"2017","EA","9067019","7301","REM","7ce7a237-9878-5a4a-8e62-55f7009d4bac","1","REIMBURSABLES","reimb","Y"
"2017","EA","9067019","7468","ASV","d05293e7-a4fa-5497-bb7b-6f8a075b260f","1","ADDITIONAL SERVICE","Add't Svcs","Y"
"2017","EA","9067019","7468","FEE","c0aaee11-9e26-52e4-a1f6-6f1f3be15535","1","ARCHITECTURAL","Arch Fees","Y"
"2017","EA","9067019","7468","REM","df63e900-dc96-5f44-bb67-e9b74c734503","1","REIMBURSABLES","Reimb","Y"
"2017","EA","9269401","9940","LCF","c89c8e15-de71-5141-8e5f-71ae0f076af1","1","LIFE CYCLE FUNDING","LIFECYCLE","Y"
"2017","EA","9769390","7900","000","56e816da-6d23-5f2c-b7ce-6bcd749d1ef5","1","UNALLOCATED","UNALLOCATED","Y"
"2017","BL","1031400","3000","WIN","dd422ea7-8368-58b3-9a75-ba56dbd23452","1","Instructional Support Wages","Instruct.","Y"
"2017","BL","1031400","3000","WMO","50e67289-fc3c-53f6-a335-6481673fd818","1","Main Office Wages","Main Office","Y"
"2017","BL","1031400","3000","WTS","1da9a9c9-54b1-5145-9dd6-a148400d6def","1","Tech Support Wages","Tech Support","Y"
"2017","BL","1031400","5000","SAC","95e13212-61f2-57f9-828b-a793565e6bc4","1","Animal Care Supplies","Animal Care","Y"
"2017","BL","1031400","5000","SAO","86a2eda6-82a3-5101-aad2-6b7f8ec107b3","1","Advising Office Supplies","Advising Off","Y"
"2017","BL","1031400","5000","SAS","14542a7c-b217-5d50-aa5e-817e8c048805","1","Academic Services Office","Academic Ser","Y"
"2017","BL","1031400","5000","SBO","767989ff-c9db-51ad-84e4-981c966a9ad1","1","Business Office Supplies","Buss Office","Y"
"2017","BL","1031400","5000","SBS","859f4f69-8636-533e-9b72-c0e42bc2e90d","1","Building Services Supplies","Bldg Service","Y"
"2017","BL","1031400","5000","SCB","f8f546bf-7feb-5223-a901-fcff2f12a12a","1","Supplies Cabinet","Supply Cab","Y"
"2017","BL","1031400","5000","SCL","d58034a8-fc1b-50f2-9b64-edf09bc785f1","1","Cause Library Supplies","CAUSE Supply","Y"
"2017","BL","1031400","5000","SCO","b9ac3582-87cd-5535-8d6e-fbe910f04533","1","Chair's Office Supplies","Chair Office","Y"
"2017","BL","1031400","5000","SCQ","b92a2bd2-afe3-58c8-8ef9-f6e848d30f14","1","Colloquium Supplies","Colloquium","Y"
"2017","BL","1031400","5000","SCS","77b17f5c-d087-5110-92ad-e91f13156197","1","Clinical Sciences Supplies","Clinic","Y"
"2017","BL","1031400","5000","SFC","0c2a7e47-b954-51cd-a561-bc61ebdeb885","1","Faculty Supplies","Faculty","Y"
"2017","BL","1031400","5000","SFR","910908c4-a89b-5917-bc87-fe6f9be7895a","1","Faculty Recruitment","Faculty Recr","Y"
"2017","BL","1031400","5000","SGS","74b311de-e6b2-56eb-9a0c-80abfcf449f9","1","Grant Support Supplies","Gnt Support","Y"
"2017","BL","1031400","5000","SLB","a281a8f5-8db6-5455-a3f9-afad000fb124","1","Labs Supplies","Labs Supply","Y"
"2017","BL","1031400","5000","SLN","c651c857-e14a-5cdf-b99c-795934e85491","1","LAN Supplies","LAN","Y"
"2017","BL","1031400","5000","SRF","9a4a328b-67d8-563a-bfaa-5b4c3eb3a457","1","Retired Faculty Supplies","Retired Fac","Y"
"2017","BL","1031400","5000","SSC","6429c6aa-a87f-5833-a3aa-c4b4d16c7779","1","Secretarial Supplies","Secreterial","Y"
"2017","BL","1031400","5000","SSR","fefacaeb-7686-54b2-aef7-9b817cf00510","1","Student Recruitment","GS Recruit","Y"
"2017","BL","1031400","5000","SSS","00b0bd36-777c-56f6-8f10-635eaa9ca043","1","Social Student Supplies","Social GS","Y"
"2017","BL","1031400","5000","STS","51c8ea92-af20-572a-88b3-805b87001ea6","1","Tech Support Supplies","Tech Support","Y"
"2017","EA","0308160","8160","07","fff2d75c-755e-508a-bccb-68a619aa007f","1","SUM I BURSAR AR","SUM I AR","Y"
"2017","EA","0308160","8160","08","40159525-d6f6-5e7e-aa34-fc31dc644b54","1","FALL BURSAR AR","FALL AR","Y"
"2017","EA","0308160","8160","09","d23d6b8d-de47-579d-b5c0-c51e11cb7571","1","SPRING BURSAR AR","SPRING AR","Y"
"2017","EA","0308160","8160","10","b2b156d7-8f6d-5eb2-aff3-90f0cbf7e8eb","1","SUM II BURSAR AR","SUM II AR","Y"
"2017","EA","0308460","8460","07","77f7b76d-ba78-5692-a827-fc4d9e5aa8b3","1","SUMMER 1 PREPAID","SUM 1 PPD","Y"
"2017","EA","0308460","8460","10","e6f77e3a-81c9-5b53-b61e-6d8541efc9f9","1","SUMMER 2 PREPAID","SUM 2 PPD","Y"
"2017","EA","0309060","9060","07","26e09b78-6f61-5375-85cc-645a7acb6551","1","SUM I DEF REV","SUM I DF RV","Y"
"2017","EA","0309060","9060","10","0908a8c9-a642-554e-8769-9ffc881c6834","1","SUM II DEF REV","SUM II DF RV","Y"
"2017","EA","0309060","9080","UNA","24e45e5d-aa76-5ca9-b398-e17af3a8f094","1","UNAPPLIED PAYMENTS","UNAPPLIED","Y"
"2017","EA","0309465","9465","07","a4249170-93b3-514f-880e-c038652c3609","1","SUM II DEF REV","SUM II DF RV","Y"
"2017","EA","0309465","9465","08","b60a4672-5e45-5154-b9a7-8816a55f20eb","1","FALL DEF REV","FALL DF RV","Y"
"2017","EA","0309465","9465","09","74de5b90-ca6e-52f7-95bd-9379f4b2a5ca","1","SPRING DEF REV","SPRING DF RV","Y"
"2017","EA","0309465","9465","10","0c7d2a3d-9e67-500e-9fa2-5fbf667c4f56","1","SUM II DEF REV","SUM II DF RV","Y"
"2017","EA","0366500","4008","041","c1c6fbea-e1f6-560e-bbd7-93acd40cdcbf","1","Special Events Alloc","Spec Events","Y"
"2017","EA","0366500","9977","041","a9b9146b-5b63-5bbb-aaf5-7362428a9cf5","1","Special Events Alloc","Spec Events","Y"
"2017","EA","0366513","7900","020","af583053-953b-5fa2-885a-8dea7c8f2a25","1","CAMPUS CONTINGEN","CAMPUS CONTI","Y"
"2017","EA","0366513","7900","040","71b02726-e946-5197-b0d0-ff96937fc13d","1","COMP SERV ALLOC","COMP SERV AL","Y"
"2017","EA","0366513","7900","046","ea709c56-84f3-5caa-a7c0-9f70c0818a8d","1","RECLASS RESERVE","RECLASS RESE","Y"
"2017","EA","0366513","7900","047","f19f648e-6432-5337-9562-af4280f79e44","1","LIBRARY AQUIT ALLO","LIBRARY AQUI","Y"
"2017","EA","0366513","7900","048","22f16a2e-b2b0-5b79-ab3a-ad1d000a41b8","1","ENROLL INIT ALLOC","ENROLL INIT","Y"
"2017","EA","0366513","7900","049","73a0201c-da38-5e53-a1e5-9bfd80fb5153","1","RETIREMENT PAY ALL","RETIREMENT P","Y"
"2017","EA","0366513","7900","050","3efc9994-64eb-5d94-97ce-d30462539163","1","FUND BAL ADDITION","FUND BAL ADD","Y"
"2017","EA","0366513","7900","051","8c7b36ca-c6cf-5205-a4f2-9cb765acc289","1","STRATEGIC DIRECTIONS ALLOC","STR DIR ALLO","Y"
"2017","EA","0366513","7900","052","46247a61-9cb3-59be-9519-985fe04c0f3f","1","FAC TEACH FOR EXCELLENCE","FAC EXCEL-TE","Y"
"2017","EA","0366513","7900","053","d16bb5d2-ccae-5259-965a-7b1b5f14dc90","1","Quality Improvement Projects","Quality Impr","Y"
"2017","EA","0366513","7900","BCP","f164efea-51d6-5756-b520-98b65b8717af","1","BUDGET CONTINGENCY PLAN","B C Plan","Y"
"2017","EA","0366513","7900","RET","240dc904-7206-5795-ae75-b7e4618dbd91","1","1% RETENTION INITIATIVE","RETENTION","Y"
"2017","EA","0366513","7900","UTX","2c623005-fe8c-52c9-a598-650fa58e9cf5","1","CONTINGENCY SAVINGS - UNIV TAX","Univ Tax Sav","Y"
"2017","EA","0366520","4008","COL","50dfa1c4-a6e6-5c94-9866-7adfa02809a9","1","COLOR COPIER OFFICE SERVICES","color copier","Y"
"2017","EA","0366520","4008","FOC","83d9f5f6-923d-5406-ad97-feec6f960f9b","1","Focus on Arts funding","Focus Art","Y"
"2017","EA","0366520","4008","GRA","269772c3-81a5-5497-99bc-67a08f95db01","1","GRAF ENDOWED FACULTY","GRAF","Y"
"2017","EA","0366520","4008","MLR","63cadf74-7d97-599d-9f98-624605e58724","1","Mailroom Allocation","Mailroom","Y"
"2017","EA","0366520","4008","WCT","e265af07-eded-57de-b136-f48953c5f977","1","WCTV support funds","WCTV","Y"
"2017","EA","0366520","4078","PRO","dbbcba70-b5cc-5f59-84df-d9361e06b22e","1","Professional Council Funds","Prof Counc","Y"
"2017","EA","0366520","4078","STF","4ba0bc7d-7dbb-5c7d-99f5-ec1f704a9836","1","Staff Council Funds","Staff Counc","Y"
"2017","EA","0366520","7900","000","80ee02fe-c4cf-5060-b158-9902bf20b0e1","1","NEW BLDG START ALL","NEW BLDG STA","Y"
"2017","EA","0366520","9977","COL","6cda20e6-ea2f-54bc-880d-72f88487e01d","1","COLOR COPIER OFFICE SERVICES","color copier","Y"
"2017","EA","0366520","9977","FOC","a55673e0-dda9-5fe6-b16e-6d7ce8e8ea74","1","Focus on Arts funding","Focus Art","Y"
"2017","EA","0366520","9977","GRA","7847fce6-6be9-5e81-8399-a10ca804f1cd","1","GRAF ENDOWED FACULTY","GRAF","Y"
"2017","EA","0366520","9977","MLR","11342e62-7366-59c4-818c-6313e16a6eaf","1","Mailroom Allocation","Mailroom","Y"
"2017","EA","0366520","9977","WCT","1bec475a-9cee-5b3c-8b16-664913f2024a","1","WCTV support funds","WCTV","Y"
"2017","EA","0366530","1110","TEC","2ac7e93a-8bda-59cc-9f29-5eecdf3e9dd9","1","TECH FUNDING","tech fund","Y"
"2017","EA","0366530","1110","UNI","d56d0f4c-55e8-539d-8043-6d9ae0291984","1","UNIVERSITY INITIATIVES","univ init","Y"
"2017","EA","0366530","4008","ERF","e40c8486-8ace-5ac1-b448-e8a86a5ed51e","1","Early Retirement Funding Res","Erly Ret Fnd","Y"
"2017","EA","0366530","4008","FCT","bf472d63-55c7-512a-b75c-598e1ae89897","1","FACULTY COLLOQ ON EXCELLANCE IN TEACHING","FACET","Y"
"2017","EA","0366530","4008","SLC","a26d147d-8d70-5445-9751-785475f72dad","1","STUDENT LOAN COLLECTIONS","Collections","Y"
"2017","EA","0366530","4008","TEC","f38377cb-8241-5e5b-841a-91cf62195997","1","BASE TECH FUND","tech fund","Y"
"2017","EA","0366530","4008","UNI","5c58ad9f-f28e-5cdb-9540-6dae1e941d7e","1","UNIVERSITY INITIATIVES","UNIV INIT","Y"
"2017","EA","0366530","9956","DFC","ad1eede2-ee3d-55d7-93af-e5a4af85298f","1","DEPENDENT FEE COURTESY","Fee courtesy","Y"
"2017","EA","0366530","9956","DFS","1285b188-5ab5-5c0f-bfdb-78ba85350fee","1","DEPENDENT FEE COURTESY","Fee courtesy","Y"
"2017","EA","0366530","9977","ERF","f5571976-f8d5-59f3-9b0f-53f2c5e1a38b","1","Early Retirement Funding Res","Erly Ret Fnd","Y"
"2017","EA","0366530","9977","FCT","14f8e923-58d6-5b4a-a99a-9c7488e37830","1","FACULTY COLLOQ ON EXCELLANCE IN TEACHING","FACET","Y"
"2017","EA","0366530","9977","SLC","5af51f5b-9ad1-59f5-b619-c743c6df5e6f","1","STUDENT LOAN COLLECTIONS","Collections","Y"
"2017","EA","0366530","9977","TEC","3a5b41cb-d772-5471-88e9-7ba0984bb343","1","BASE TECH FUND","tech fund","Y"
"2017","EA","0366530","9977","UNI","c228d22e-e4ff-51c1-8dec-aa80332789ff","1","UNIVERSITY INITIATIVES","UNIV INIT","Y"
"2017","EA","0366550","9970","UAC","f1cadc16-845b-5b4a-87d7-76dd8c0b654a","1","EQUIP REPLACE FUNDING UA COMPONENT","EQREP UA","Y"
"2017","EA","0366571","4008","MSA","11a23205-b138-51e0-90eb-89c794b524cc","1","MICROSOFT AGREEMENT","MICROSOFT","Y"
"2017","EA","0366571","9977","MSA","10c7b159-8359-5ca3-9a3d-614fab75741d","1","MICROSOFT AGREEMENT","MICROSOFT","Y"
"2017","EA","0366586","1110","TEC","ab0bc662-a867-5bef-a6a0-fd03928ec969","1","STATE APPROP TECHNOLOGY","TECHNOLOGY","Y"
"2017","EA","0366586","1110","UNI","66f528f6-6460-5f46-9639-50331b78c8a1","1","STATE APPROP UNIVERSITY INITIATIVES","UNIV INITVE","Y"
"2017","EA","0366600","4008","040","49159640-5972-52f8-91d1-665c156cac59","1","Alumni alloc","alumni","Y"
"2017","EA","0366600","4008","041","fc1399a6-91e6-56fd-b6d4-8b308c6f1e39","1","Special Events Allocation","Spec Events","Y"
"2017","EA","0366600","4008","042","36ba64b0-647f-56a2-ac80-8b5ba7dced7a","1","Lively Arts Alloc","Lively Arts","Y"
"2017","EA","0366600","4008","043","098f1251-9fba-58ce-8206-7981d717cdb9","1","Gallery Allocation","Gallery","Y"
"2017","EA","0366600","4008","ALU","7645d18e-643a-5367-8dea-5e152cceb37a","1","ALUMNI RELATIONS","Alum","Y"
"2017","EA","0366600","7900","040","d216bfc6-740b-5d5d-98f1-72ad173bce96","1","ALUM ASSN ALLOT","ALUM ASSN AL","Y"
"2017","EA","0366600","7900","041","76c1a925-57d8-5aaa-8fb6-b11371ef4435","1","SPEC EVENT ALLOT","SPEC EVENT A","Y"
"2017","EA","0366600","7900","042","ebfc926a-7a7b-5b1f-a5e2-8cd4bd7fb205","1","LIVELY ARTS ALLOT","LIVELY ARTS","Y"
"2017","EA","0366600","7900","043","1772bb0f-c6ec-523e-9e9b-f9a1efa5c81d","1","FUND RAISING ALL","FUND RAISING","Y"
"2017","EA","0366600","9977","040","a556e5d7-572e-5a3d-ab56-68abf6c45260","1","Alumni alloc","alumni","Y"
"2017","EA","0366600","9977","041","561425ec-8919-5f18-94e1-598e66b17e92","1","Special Events Allocation","Spec Events","Y"
"2017","EA","0366600","9977","042","c9a5c1e0-6950-5591-87a4-773c2c2446e9","1","Lively Arts Alloc","Lively Arts","Y"
"2017","EA","0366600","9977","043","7849741d-65a4-513a-916b-ad6665144b88","1","Gallery Allocation","Gallery","Y"
"2017","EA","0366600","9977","ALU","8040da21-965a-5ddb-b814-9329cec7ce24","1","ALUMNI RELATIONS","Alum","Y"
"2017","EA","0367200","9977","ONB","5c1bfed2-f8a1-5e01-b70e-b92a5c72759a","1","ONBASE BUDGET ALLOCATION","ONB","Y"
"2017","EA","0367235","9977","HMS","7307e8c4-53c3-5d6b-ae19-8af3bc2275dc","1","HRMS BUDGET ALLOCATION","HRMS","Y"
"2017","EA","0367287","0110","SDC","bb9d0d26-79da-518c-b0c6-8fb9840e73d9","1","SDC TUITION RESERVE","SDC TUIT RES","Y"
"2017","EA","0367287","0703","WVR","fd371312-e4bf-5267-9345-8b17a4d28bfe","1","PRIOR YEAR FEES-WVR","PRI YR F-WVR","Y"
"2017","EA","0367287","0790","WVR","6420c9af-c91e-549d-bd80-95768054dd7b","1","LATE REGISTRATION FEE WAIVER","LATE REG WVR","Y"
"2017","EA","0367287","0791","WVR","12b25c19-55ac-5776-b350-6f9c6a056ae6","1","SUM2 NON CR HR FEE DEFERRED-WVR","S2NCR DF-WVR","Y"
"2017","EA","0367287","0890","WVR","d3f83f09-781a-5a55-a7ca-94757ce3fd50","1","LATE REGISTRATION FEE WAIVER","LATE REG WVR","Y"
"2017","EA","0367287","0891","WVR","586caa5c-6213-5d46-a519-df2a2f63ec91","1","FALL NON CR HR FEE DEFERRED-WVR","FLNCR DF-WVR","Y"
"2017","EA","0367287","0990","WVR","501824c2-ad7f-5cb4-b4f6-920da335da9d","1","LATE REGISTRATION FEE WAIVER","LATE REG WVR","Y"
"2017","EA","0367287","0991","WVR","eabf0261-e06e-55ab-a73d-61ec6beb7377","1","SPRG NON CR HR FEE DEFERRED-WVR","SPNCR DF-WVR","Y"
"2017","EA","0367287","1090","WVR","1209083c-d47c-5366-a22c-6cb6081a1738","1","LATE REGISTRATION FEE WAIVER","LATE REG WVR","Y"
"2017","EA","0367287","1091","WVR","1d8c1643-757d-5ed0-91a4-6e9f91d455d8","1","SUM1 NON CR HR FEE DEFERRED-WVR","S1NCR DF-WVR","Y"
"2017","EA","0367287","1800","WVR","aef8a0a8-52f2-5f80-8b42-ef52abe750a0","1","OTHER INCOME-WAIVER","OTHR INC-WVR","Y"
"2017","EA","0367310","7900","000","72e2bdab-e009-5342-b8c4-c03748812356","1","WEEKEND COVER ALLOC","WKEND COVER","Y"
"2017","EA","0367318","7000","NRE","84acb295-86c1-516c-ac75-a6713a5c2aaa","1","NONRECURRING EQUIPMENT","NONRECURRING","Y"
"2017","EA","0367525","2502","WRI","5a088429-7190-560a-b4fa-67487a656dd5","1","WRIGHT","WRIGHT","Y"
"2017","EA","0367587","0110","SCH","9f2e6ff9-c1e9-53f8-836b-63dcf52e4dd3","1","SCHOLAR CDV RESERVE","CDV SCHOL RE","Y"
"2017","EA","0367720","5810","WVR","0785799a-8cb4-5466-bd60-f85428a89f38","1","GRAD STUD FEE WVR","GRAD FEE WVR","Y"
"2017","EA","0368000","2200","CTE","b43ad438-546d-5bd7-b7d3-964ba2c1c696","1","COMMITMENT TO EXCELLENCE","COMMITMENT","Y"
"2017","EA","0368000","7900","000","e7909ac6-691a-5429-a5e5-d379329ed18f","1","UNALLOCATED","UNALLOCATED","Y"
"2017","EA","0368000","7900","040","3b744f3a-70d8-5a78-8db8-ba6d5f1e6de5","1","ALLOC ECON ED CN","ALLOC ECON E","Y"
"2017","EA","0368000","7900","CTE","2ac72ab9-52bf-5a09-9078-b91a34ed4372","1","COMMITMENT TO EXCELLENCE","COMMITMENT","Y"
"2017","EA","0368000","9977","CHP","96e77114-8da4-5967-bd84-ef6a2671d27c","1","CHP E219 BUDGET ALLOCATION","CHP","Y"
"2017","EA","0368000","9977","EEC","751b7476-73d9-5148-8fbb-ff855a6b8890","1","EEC BUDGET ALLOCATION","EEC","Y"
"2017","EA","0368000","9977","GRF","89c413d6-539e-56a0-a626-6c31d004c5db","1","GRAF E219 BUDGET ALLOCATION","GRF","Y"
"2017","EA","0368010","2000","CTE","ea328460-8373-5913-8d2d-55a77464bf72","1","COMMITMENT TO EXCELLENCE","COMMITMENT","Y"
"2017","EA","0368014","4008","LAB","e3528874-5bb7-5403-a6d7-5b1f1af6a799","1","COMPUTER LAB","COMP LAB","Y"
"2017","EA","0368014","4008","MSA","f6afa7f5-bc1a-5e11-9d9a-8238795a37c8","1","MICROSOFT AGREEMENT","MICROSOFT","Y"
"2017","EA","0368014","7900","000","7876f7da-5de9-50d5-8fba-50170cfc1e82","1","STU NETWORK ALLOC","STU NETWORK","Y"
"2017","EA","0368014","9977","LAB","924f64b2-a01f-5202-b688-9aedcab61084","1","COMPUTER LAB","COMP LAB","Y"
"2017","EA","0368014","9977","MSA","0fdb6701-9ccd-50f6-bf8e-ca25d0f541e6","1","MICROSOFT AGREEMENT","MICROSOFT","Y"
"2017","EA","0368016","3000","CTE","238e9dbb-963a-52ca-afa0-79293142f67f","1","COMMITMENT TO EXCELLENCE","COMMITMENT","Y"
"2017","EA","0368016","3500","CTE","cf552e73-851b-50a0-b135-68880a921c0c","1","COMMITMENT TO EXCELLENCE","COMMITMENT","Y"
"2017","EA","0368020","2000","CTE","26b9758a-db27-5457-ac96-6f9c6d46beca","1","COMMITMENT TO EXCELLENCE","CTE","Y"
"2017","EA","0368020","2500","CTE","a3cf54cb-7686-5281-99dd-74bbbfee33c1","1","COMMITMENT TO EXCELLENCE","CTE","Y"
"2017","EA","0368025","5199","000","d260ead3-d2cf-59da-b798-e481169d6539","1","TRANSFERS OF FUNDS","TRANSFERS OF","Y"
"2017","EA","0368025","9900","000","fd09d3a9-99e0-52db-a59c-970ca235db5d","1","TRANSFERS OF FUNDS","TRANSFERS OF","Y"
"2017","EA","0368030","3500","CTE","cc4f24a8-c0aa-572f-ac6d-b4a6f0e81f70","1","COMMITMENT TO EXCELLENCE","CTE","Y"
"2017","EA","0368035","2000","CTE","f36b0a63-5911-5e9b-8d87-8c2ecdb9dffa","1","COMMITMENT","CTE","Y"
"2017","EA","0368035","2400","CTE","8dc1668d-88c7-5715-b704-b7764f43db87","1","COMMITMENT","CTE","Y"
"2017","EA","0368040","2000","ADM","c629c848-56cc-5059-8e6a-6bc0cea67a7e","1","ADMINISTRATIVE SUPPORT","Admin Suppor","Y"
"2017","EA","0368100","2000","CTE","8c9e19bb-f51c-56d3-9188-872b391befdd","1","COMMITMENT TO EXCELLENCE","COMMITMENT","Y"
"2017","EA","0368187","0110","SDC","6959b98c-fb5e-5778-887a-7d32e252c4c6","1","SDC TUITION RESERVE","SDC RESERVE","Y"
"2017","EA","0368187","0703","WVR","1fb3aa21-782b-5751-90cd-65cf5ea81a7d","1","PRIOR YEAR FEES-WVR","PRI YR F-WVR","Y"
"2017","EA","0368187","0787","WVR","5207b43e-a54f-5d22-a843-a64f3a782fe2","1","TECHNOLOGY FEE WAIVER","TECH FEE WVR","Y"
"2017","EA","0368187","0887","WVR","964d79e4-91e7-5620-b33b-cd3174b00228","1","TECHNOLOGY FEE WAIVER","TECH FEE WVR","Y"
"2017","EA","0368187","0987","WVR","763717ad-d810-5964-bc45-d7c980852467","1","TECHNOLOGY FEE WAIVER","TECH FEE WVR","Y"
"2017","EA","0368187","1087","WVR","cbba9a16-7b4a-5a61-8bc3-9e1d6ab60564","1","TECHNOLOGY FEE WAIVER","TECH FEE WVR","Y"
"2017","EA","0368200","2000","CTE","2d04b14f-822b-5c3a-969c-a12abce30e22","1","COMMITMENT TO EXCELLENCE","Commitment","Y"
"2017","EA","0368200","2400","CTE","a0cbfb39-a312-5a6d-87a5-c6376d6988ad","1","COMMITMENT TO EXCELLENCE","Commitment","Y"
"2017","EA","0368200","9920","CTE","93fc9d52-8f41-5572-adfd-5305112956bd","1","COMMITMENT TO EXCELLENCE","CTE","Y"
"2017","EA","0368451","0703","WVR","32ba857b-9319-5005-956d-d3ea06956ad6","1","PRIOR YEAR FEES-WVR","PRI YR F-WVR","Y"
"2017","EA","0368451","0787","WVR","b6d81a39-e6ec-5329-afd7-b75303fee838","1","TECHNOLOGY FEE WAIVER","TECH FEE WVR","Y"
"2017","EA","0368451","0796","WVR","b2e8acd9-8d80-54f7-9d57-7abcea76580c","1","STUDENT ACTIVITY FEE WAIVER","STU ACT WVR","Y"
"2017","EA","0368451","0887","WVR","1562ebb3-9d31-5168-a9d6-963869a2e916","1","TECHNOLOGY FEE WAIVER","TECH FEE WVR","Y"
"2017","EA","0368451","0896","WVR","21c286c8-5fce-56c6-abb0-8f6d417e5f50","1","STUDENT ACTIVITY FEE WAIVER","STU ACT WVR","Y"
"2017","EA","0368451","0987","WVR","2bf17840-6c81-57f1-a27c-c7be16c53cd1","1","TECHNOLOGY FEE WAIVER","TECH FEE WVR","Y"
"2017","EA","0368451","0996","WVR","0aeeece6-f2e0-5903-9067-e31c4b639645","1","STUDENT ACTIVITY FEE WAIVER","STU ACT WVR","Y"
"2017","EA","0368451","1087","WVR","b40a084b-7f6a-50c4-9737-a29702963b32","1","TECHNOLOGY FEE WAIVER","TECH FEE WVR","Y"
"2017","EA","0368451","1096","WVR","58befe9a-d9a6-5a80-b03d-636b0cf0eff4","1","STUDENT ACTIVITY FEE WAIVER","STU ACT WVR","Y"
"2017","EA","0368500","5199","000","f2f4f28a-fe29-52fa-86b4-8ce079edbe90","1","TRANSFERS OF FUNDS","TRANSFERS OF","Y"
"2017","EA","0368500","9900","000","d303076a-8f25-50bd-9225-dc8bc47ba568","1","TRANSFERS OF FUNDS","TRANSFERS OF","Y"
"2017","EA","0368700","2000","CTE","7b04608b-fd60-597b-940a-65301890126e","1","CTE","CTE","Y"
"2017","EA","0368720","2000","CTE","5dfee804-d119-57a4-ad57-927fc59d8582","1","COMMITMENT TO EXCELLENCE","CTE","Y"
"2017","EA","0368900","2000","CTE","cde016df-ef3e-5121-9dda-6895c19bd06c","1","COMMITMENT TO EXCELLENCE","COMMITMENT","Y"
"2017","EA","0369303","5199","000","0cd943c8-7824-55ca-8709-ccbfdc3206ef","1","TRANSFERS OF FUNDS","TRANSFERS OF","Y"
"2017","EA","0369303","9900","000","e4ce526e-d988-5c6d-b0bf-591a45c94a53","1","TRANSFERS OF FUNDS","TRANSFERS OF","Y"
"2017","EA","0369306","2502","MAR","50d2b820-7b23-5959-8d05-6ecb548446d1","1","MARCUM","MARCUM","Y"
"2017","EA","0369308","2502","WAL","943fb1d8-da0b-5663-b952-5a99502f952b","1","WALKER","WALKER","Y"
"2017","EA","0369400","4084","ARE","5bc720ae-747b-5397-9a46-56ca6e671953","1","AREA 9 T-8","ARE","Y"
"2017","EA","0369400","4084","CON","a92bf1ad-a871-5cba-8320-fec222e58e0d","1","CONNERSVILLE T-8","CON","Y"
"2017","EA","0369400","4084","NEW","7e3ffd12-6186-5cbf-aa6e-f3f1e333cb8e","1","NEW CASTLE - T-8","NEW","Y"
"2017","EA","0369400","9940","LCF","dbcf2e0c-7db2-502c-87e1-a57340b63650","1","LIFE CYCLE FUNDING","LIFECYCLE","Y"
"2017","EA","0369400","9977","TSC","44269fa5-b092-5ff5-93ef-6c7d6d26157f","1","TECH SUPPORT CLASSROOM TEACHING","TSC","Y"
"2017","EA","0369405","9940","LCF","54b5e989-8364-581a-baf5-96d152999f12","1","LIFE CYCLE FUNDING","LIFECYCLE","Y"
"2017","EA","2366556","1635","BUR","5d9f38d6-8cd4-58a9-b588-69c7b411ce34","1","BURSAR","burs","Y"
"2017","EA","2367519","5199","000","5bfc1567-ad77-5e3c-8dc7-a1ea10a05d27","1","TANSFER OF SUPPORT","TRANSFER SUP","Y"
"2017","EA","2367519","9900","000","14e342b6-88cd-5bab-b86c-6b798f1223a0","1","TANSFER OF SUPPORT","TRANSFER SUP","Y"
"2017","EA","2367520","0703","WVR","1e0f5ad0-adfa-5926-b6d0-559ad3e86971","1","PRIOR YEAR FEES-WVR","PRI YR F-WVR","Y"
"2017","EA","2367520","0796","WVR","553f277d-9606-5a02-89d6-7bf76dd734a7","1","STUDENT ACTIVITY FEE WAIVER","STU ACT WVR","Y"
"2017","EA","2367520","0896","WVR","4302cbb8-5e78-56ba-bf81-8c46e6fef330","1","STUDENT ACTIVITY FEE WAIVER","STU ACT WVR","Y"
"2017","EA","2367520","0996","WVR","f66c9be7-6528-51bb-9d8c-9a5826775519","1","STUDENT ACTIVITY FEE WAIVER","STU ACT WVR","Y"
"2017","EA","2367520","1096","WVR","502502c0-a7b9-5f5d-bff9-a62a113eb243","1","STUDENT ACTIVITY FEE WAIVER","STU ACT WVR","Y"
"2017","EA","2367520","5199","000","bcb5b584-89a2-5a96-a655-7eb86c53fe31","1","ACT FEE TRANSFER","ACT FEE TRAN","Y"
"2017","EA","2367520","7900","000","d289f1cb-6dec-5606-a6f8-a4f3a31e185a","1","UNALLOCATED","UNALLOCATED","Y"
"2017","EA","2367520","8160","07","4ed6d373-98c8-53ed-a38e-82d1a4452c16","1","SUM I BURSAR AR","SUM I AR","Y"
"2017","EA","2367520","8160","08","fab26346-d9b6-5f94-9d29-879ceff7cb40","1","FALL BURSAR AR","FALL AR","Y"
"2017","EA","2367520","8160","09","d6a240c9-baec-5ac8-9178-c05119e93c4b","1","SPRING BURSAR AR","SPRING AR","Y"
"2017","EA","2367520","8160","10","60295143-5591-5bfe-b774-79defc55f66c","1","SUM II BURSAR AR","SUM II AR","Y"
"2017","EA","2367520","9465","07","5143dd12-7361-5430-a8c9-525f48768f3c","1","SUM I DEF REV","SUM I DF RV","Y"
"2017","EA","2367520","9465","08","8650d229-976b-51b8-831e-677efde2ee69","1","FALL DEF REV","FALL DF RV","Y"
"2017","EA","2367520","9465","09","1f3e39bc-8bfe-5ae1-b089-645c22b256aa","1","SPRING DEF REV","SPRING DF RV","Y"
"2017","EA","2367520","9465","10","36a816e8-5db6-5487-9d3e-678f9cf0e70a","1","SUM II DEF REV","SUM II DF RV","Y"
"2017","EA","2367520","9900","000","592e7150-a675-57d1-a61d-83e37428c637","1","ACT FEE TRANSFER","ACT FEE TRAN","Y"
"2017","EA","2868101","9915","PRS","4f0ea0c5-a805-5609-96d0-54e3697f6352","1","FEMP PRES. MATCH","FEMPPRESMTCH","Y"
"2017","EA","2868101","9915","SCH","78ca810c-a81a-5205-813c-55d850899977","1","FEMP CAMPUS MATCH","FEMPCMPSMTCH","Y"
"2017","EA","6067000","8300","INV","eb7d7d7d-7a98-5398-aeae-f4728279a627","1","IU INV NOT PURCH","Inv Not Purc","Y"
"2017","EA","6067100","1464","WVR","fb5716f3-5720-545c-a3bf-91f5c92161e7","1","PARKING PERMIT FEE WAIVER","PARK FEE WVR","Y"
"2017","EA","6067100","5199","071","56e49936-9f8e-5f6d-b737-608cbe15e478","1","INT DEBT SERV","INT DEBT SER","Y"
"2017","EA","6067100","9900","071","77569bf4-a5f3-5c2b-b397-aa34c378445f","1","INT DEBT SERV","INT DEBT SER","Y"
"2017","EA","6669400","1500","CPY","ad5184ec-5b63-5520-8e41-5f677f1f2ff8","1","COPY MACHINE SALES","Copy","Y"
"2017","EA","6669400","1500","PRT","60978a42-5baf-5ace-a6df-a494d335046a","1","PRINTER SALES","Print","Y"
"2017","EA","6669400","4115","STF","e5975ff3-736e-5ed5-ab4c-83ded9557b13","1","STAFF","Staff","Y"
"2017","EA","6669400","4115","STU","a1c81493-f36c-5d41-b5c8-8b40018cbe25","1","STUDENT","Student","Y"
"2017","EA","6669400","5215","STF","3b5d863f-f41b-5200-9bd2-915613839ffd","1","STAFF","Staff","Y"
"2017","EA","6669400","5215","STU","f9bf633a-ef9c-5a15-bc6a-ba3b573c96b3","1","STUDENT","Student","Y"
"2017","EA","6868451","0703","WVR","14e52303-51ad-5dc5-84cb-afc8e064a675","1","PRIOR YEAR FEES-WVR","PRI YR F-WVR","Y"
"2017","EA","6868451","0787","WVR","804739dc-71af-5da9-8777-578238b10908","1","TECHNOLOGY FEE WAIVER","TECH FEE WVR","Y"